MODEL,CALCERR,LIBVER,FULLID,CALCVAL,INST,CODE
NA,7e-5,ENDFB-VII.1,HEU-COMP-INTER-003-001,1.00638,TEST1,MCNP6.1.1beta
NA,8e-5,ENDFB-VII.1,HEU-COMP-INTER-003-002,1.00585,TEST1,MCNP6.1.1beta
NA,8e-5,ENDFB-VII.1,HEU-COMP-INTER-003-003,1.00552,TEST1,MCNP6.1.1beta
NA,8e-5,ENDFB-VII.1,HEU-COMP-INTER-003-004,1.00402,TEST1,MCNP6.1.1beta
NA,8e-5,ENDFB-VII.1,HEU-COMP-INTER-003-005,1.00574,TEST1,MCNP6.1.1beta
NA,8e-5,ENDFB-VII.1,HEU-COMP-INTER-003-006,0.99612,TEST1,MCNP6.1.1beta
NA,8e-5,ENDFB-VII.1,HEU-COMP-INTER-003-007,0.99587,TEST1,MCNP6.1.1beta
NA,4e-5,ENDFB-VII.1,HEU-COMP-INTER-005-001,1.04067,TEST1,MCNP6.1.1beta
NA,4e-5,ENDFB-VII.1,HEU-COMP-INTER-005-002,1.09772,TEST1,MCNP6.1.1beta
NA,4e-5,ENDFB-VII.1,HEU-COMP-INTER-005-003,1.05109,TEST1,MCNP6.1.1beta
NA,4e-5,ENDFB-VII.1,HEU-COMP-INTER-005-004,1.17698,TEST1,MCNP6.1.1beta
NA,4e-5,ENDFB-VII.1,HEU-COMP-INTER-005-005,0.93302,TEST1,MCNP6.1.1beta
Godiva,6e-5,ENDFB-VII.1,HEU-MET-FAST-001-001,0.99977,TEST1,MCNP6.1.1beta
NA,6e-5,ENDFB-VII.1,HEU-MET-FAST-002-002,1.00228,TEST1,MCNP6.1.1beta
NA,6e-5,ENDFB-VII.1,HEU-MET-FAST-002-003,1.00038,TEST1,MCNP6.1.1beta
NA,7e-5,ENDFB-VII.1,HEU-MET-FAST-002-004,0.99955,TEST1,MCNP6.1.1beta
NA,7e-5,ENDFB-VII.1,HEU-MET-FAST-002-005,0.99989,TEST1,MCNP6.1.1beta
NA,7e-5,ENDFB-VII.1,HEU-MET-FAST-002-006,1.00125,TEST1,MCNP6.1.1beta
NA,6e-5,ENDFB-VII.1,HEU-MET-FAST-003-001,0.99502,TEST1,MCNP6.1.1beta
NA,6e-5,ENDFB-VII.1,HEU-MET-FAST-003-002,0.99445,TEST1,MCNP6.1.1beta
NA,6e-5,ENDFB-VII.1,HEU-MET-FAST-003-003,0.99897,TEST1,MCNP6.1.1beta
NA,7e-5,ENDFB-VII.1,HEU-MET-FAST-003-004,0.99727,TEST1,MCNP6.1.1beta
NA,6e-5,ENDFB-VII.1,HEU-MET-FAST-003-005,1.00144,TEST1,MCNP6.1.1beta
NA,7e-5,ENDFB-VII.1,HEU-MET-FAST-003-006,1.00155,TEST1,MCNP6.1.1beta
NA,7e-5,ENDFB-VII.1,HEU-MET-FAST-003-007,1.002,TEST1,MCNP6.1.1beta
NA,7e-5,ENDFB-VII.1,HEU-MET-FAST-003-008,1.00211,TEST1,MCNP6.1.1beta
NA,7e-5,ENDFB-VII.1,HEU-MET-FAST-003-009,1.00223,TEST1,MCNP6.1.1beta
NA,7e-5,ENDFB-VII.1,HEU-MET-FAST-003-010,1.00505,TEST1,MCNP6.1.1beta
NA,6e-5,ENDFB-VII.1,HEU-MET-FAST-003-011,1.00881,TEST1,MCNP6.1.1beta
NA,6e-5,ENDFB-VII.1,HEU-MET-FAST-003-012,1.00862,TEST1,MCNP6.1.1beta
3-D Idealization,8e-5,ENDFB-VII.1,HEU-MET-FAST-004-001,1.00293,TEST1,MCNP6.1.1beta
NA,6e-5,ENDFB-VII.1,HEU-MET-FAST-005-001,0.99519,TEST1,MCNP6.1.1beta
NA,7e-5,ENDFB-VII.1,HEU-MET-FAST-005-002,0.99799,TEST1,MCNP6.1.1beta
NA,7e-5,ENDFB-VII.1,HEU-MET-FAST-005-003,1.0005,TEST1,MCNP6.1.1beta
NA,7e-5,ENDFB-VII.1,HEU-MET-FAST-005-004,0.99437,TEST1,MCNP6.1.1beta
NA,7e-5,ENDFB-VII.1,HEU-MET-FAST-005-005,0.99901,TEST1,MCNP6.1.1beta
NA,7e-5,ENDFB-VII.1,HEU-MET-FAST-005-006,0.99769,TEST1,MCNP6.1.1beta
NA,6e-5,ENDFB-VII.1,HEU-MET-FAST-007-001,0.99305,TEST1,MCNP6.1.1beta
NA,7e-5,ENDFB-VII.1,HEU-MET-FAST-007-002,0.99867,TEST1,MCNP6.1.1beta
NA,7e-5,ENDFB-VII.1,HEU-MET-FAST-007-003,1.00006,TEST1,MCNP6.1.1beta
NA,7e-5,ENDFB-VII.1,HEU-MET-FAST-007-004,0.99829,TEST1,MCNP6.1.1beta
NA,7e-5,ENDFB-VII.1,HEU-MET-FAST-007-005,1.00024,TEST1,MCNP6.1.1beta
NA,7e-5,ENDFB-VII.1,HEU-MET-FAST-007-006,1.0057,TEST1,MCNP6.1.1beta
NA,7e-5,ENDFB-VII.1,HEU-MET-FAST-007-007,1.00155,TEST1,MCNP6.1.1beta
NA,7e-5,ENDFB-VII.1,HEU-MET-FAST-007-008,0.99946,TEST1,MCNP6.1.1beta
NA,7e-5,ENDFB-VII.1,HEU-MET-FAST-007-009,1.00339,TEST1,MCNP6.1.1beta
NA,8e-5,ENDFB-VII.1,HEU-MET-FAST-007-010,0.99922,TEST1,MCNP6.1.1beta
NA,6e-5,ENDFB-VII.1,HEU-MET-FAST-007-019,0.9968,TEST1,MCNP6.1.1beta
NA,7e-5,ENDFB-VII.1,HEU-MET-FAST-007-020,0.99824,TEST1,MCNP6.1.1beta
NA,7e-5,ENDFB-VII.1,HEU-MET-FAST-007-021,0.99897,TEST1,MCNP6.1.1beta
NA,7e-5,ENDFB-VII.1,HEU-MET-FAST-007-022,0.99952,TEST1,MCNP6.1.1beta
NA,8e-5,ENDFB-VII.1,HEU-MET-FAST-007-023,0.9993,TEST1,MCNP6.1.1beta
NA,8e-5,ENDFB-VII.1,HEU-MET-FAST-007-024,0.99965,TEST1,MCNP6.1.1beta
NA,8e-5,ENDFB-VII.1,HEU-MET-FAST-007-025,0.99853,TEST1,MCNP6.1.1beta
NA,8e-5,ENDFB-VII.1,HEU-MET-FAST-007-026,0.99871,TEST1,MCNP6.1.1beta
NA,8e-5,ENDFB-VII.1,HEU-MET-FAST-007-035,1.00229,TEST1,MCNP6.1.1beta
NA,6e-5,ENDFB-VII.1,HEU-MET-FAST-008-001,0.99585,TEST1,MCNP6.1.1beta
NA,6e-5,ENDFB-VII.1,HEU-MET-FAST-009-001,0.99754,TEST1,MCNP6.1.1beta
NA,6e-5,ENDFB-VII.1,HEU-MET-FAST-009-002,0.99667,TEST1,MCNP6.1.1beta
NA,7e-5,ENDFB-VII.1,HEU-MET-FAST-010-001,0.99849,TEST1,MCNP6.1.1beta
NA,6e-5,ENDFB-VII.1,HEU-MET-FAST-010-002,0.99781,TEST1,MCNP6.1.1beta
NA,7e-5,ENDFB-VII.1,HEU-MET-FAST-011-001,0.99891,TEST1,MCNP6.1.1beta
NA,6e-5,ENDFB-VII.1,HEU-MET-FAST-012-001,0.9982,TEST1,MCNP6.1.1beta
NA,6e-5,ENDFB-VII.1,HEU-MET-FAST-013-001,0.99734,TEST1,MCNP6.1.1beta
NA,6e-5,ENDFB-VII.1,HEU-MET-FAST-014-001,0.99761,TEST1,MCNP6.1.1beta
NA,6e-5,ENDFB-VII.1,HEU-MET-FAST-015-001,0.99451,TEST1,MCNP6.1.1beta
NA,7e-5,ENDFB-VII.1,HEU-MET-FAST-016-001,1.00163,TEST1,MCNP6.1.1beta
NA,7e-5,ENDFB-VII.1,HEU-MET-FAST-016-002,1.00246,TEST1,MCNP6.1.1beta
NA,7e-5,ENDFB-VII.1,HEU-MET-FAST-017-001,1.00061,TEST1,MCNP6.1.1beta
Detailed Model,6e-5,ENDFB-VII.1,HEU-MET-FAST-018-001,1.00003,TEST1,MCNP6.1.1beta
Detailed Model,6e-5,ENDFB-VII.1,HEU-MET-FAST-019-001,1.00698,TEST1,MCNP6.1.1beta
Detailed Model,7e-5,ENDFB-VII.1,HEU-MET-FAST-020-001,1.00084,TEST1,MCNP6.1.1beta
Detailed Model,6e-5,ENDFB-VII.1,HEU-MET-FAST-021-001,0.9973,TEST1,MCNP6.1.1beta
Detailed Model,6e-5,ENDFB-VII.1,HEU-MET-FAST-022-001,0.99759,TEST1,MCNP6.1.1beta
NA,7e-5,ENDFB-VII.1,HEU-MET-FAST-024-001,0.99839,TEST1,MCNP6.1.1beta
NA,6e-5,ENDFB-VII.1,HEU-MET-FAST-025-001,0.9989,TEST1,MCNP6.1.1beta
NA,6e-5,ENDFB-VII.1,HEU-MET-FAST-025-002,1.00115,TEST1,MCNP6.1.1beta
NA,6e-5,ENDFB-VII.1,HEU-MET-FAST-025-003,1.00385,TEST1,MCNP6.1.1beta
NA,6e-5,ENDFB-VII.1,HEU-MET-FAST-025-004,1.00535,TEST1,MCNP6.1.1beta
NA,6e-5,ENDFB-VII.1,HEU-MET-FAST-025-005,1.0054,TEST1,MCNP6.1.1beta
NA,6e-5,ENDFB-VII.1,HEU-MET-FAST-027-001,1.00087,TEST1,MCNP6.1.1beta
NA,6e-5,ENDFB-VII.1,HEU-MET-FAST-028-001,1.0027,TEST1,MCNP6.1.1beta
NA,6e-5,ENDFB-VII.1,HEU-MET-FAST-029-001,1.00574,TEST1,MCNP6.1.1beta
NA,7e-5,ENDFB-VII.1,HEU-MET-FAST-030-001,1.00208,TEST1,MCNP6.1.1beta
NA,8e-5,ENDFB-VII.1,HEU-MET-FAST-031-001,1.00479,TEST1,MCNP6.1.1beta
NA,6e-5,ENDFB-VII.1,HEU-MET-FAST-032-001,1.00422,TEST1,MCNP6.1.1beta
NA,6e-5,ENDFB-VII.1,HEU-MET-FAST-032-002,1.00462,TEST1,MCNP6.1.1beta
NA,6e-5,ENDFB-VII.1,HEU-MET-FAST-032-003,1.00011,TEST1,MCNP6.1.1beta
NA,6e-5,ENDFB-VII.1,HEU-MET-FAST-032-004,1.00083,TEST1,MCNP6.1.1beta
NA,8e-5,ENDFB-VII.1,HEU-MET-FAST-034-001,0.99713,TEST1,MCNP6.1.1beta
NA,8e-5,ENDFB-VII.1,HEU-MET-FAST-034-002,0.99866,TEST1,MCNP6.1.1beta
NA,8e-5,ENDFB-VII.1,HEU-MET-FAST-034-003,0.99736,TEST1,MCNP6.1.1beta
NA,7e-5,ENDFB-VII.1,HEU-MET-FAST-038-001,1.00326,TEST1,MCNP6.1.1beta
NA,7e-5,ENDFB-VII.1,HEU-MET-FAST-038-002,1.00196,TEST1,MCNP6.1.1beta
NA,6e-5,ENDFB-VII.1,HEU-MET-FAST-040-001,1.00453,TEST1,MCNP6.1.1beta
NA,7e-5,ENDFB-VII.1,HEU-MET-FAST-041-001,1.0069,TEST1,MCNP6.1.1beta
NA,7e-5,ENDFB-VII.1,HEU-MET-FAST-041-002,1.00519,TEST1,MCNP6.1.1beta
NA,6e-5,ENDFB-VII.1,HEU-MET-FAST-041-003,1.00238,TEST1,MCNP6.1.1beta
NA,7e-5,ENDFB-VII.1,HEU-MET-FAST-041-004,1.00715,TEST1,MCNP6.1.1beta
NA,7e-5,ENDFB-VII.1,HEU-MET-FAST-041-005,1.00297,TEST1,MCNP6.1.1beta
NA,7e-5,ENDFB-VII.1,HEU-MET-FAST-041-006,1.00427,TEST1,MCNP6.1.1beta
NA,6e-5,ENDFB-VII.1,HEU-MET-FAST-043-001,0.99904,TEST1,MCNP6.1.1beta
NA,6e-5,ENDFB-VII.1,HEU-MET-FAST-043-002,0.99818,TEST1,MCNP6.1.1beta
NA,6e-5,ENDFB-VII.1,HEU-MET-FAST-043-003,0.99868,TEST1,MCNP6.1.1beta
NA,6e-5,ENDFB-VII.1,HEU-MET-FAST-043-004,0.99746,TEST1,MCNP6.1.1beta
NA,6e-5,ENDFB-VII.1,HEU-MET-FAST-043-005,0.99837,TEST1,MCNP6.1.1beta
NA,6e-5,ENDFB-VII.1,HEU-MET-FAST-044-001,0.99994,TEST1,MCNP6.1.1beta
NA,6e-5,ENDFB-VII.1,HEU-MET-FAST-044-002,0.99956,TEST1,MCNP6.1.1beta
NA,6e-5,ENDFB-VII.1,HEU-MET-FAST-044-003,0.99967,TEST1,MCNP6.1.1beta
NA,6e-5,ENDFB-VII.1,HEU-MET-FAST-044-004,0.99931,TEST1,MCNP6.1.1beta
NA,6e-5,ENDFB-VII.1,HEU-MET-FAST-044-005,1.00011,TEST1,MCNP6.1.1beta
NA,6e-5,ENDFB-VII.1,HEU-MET-FAST-049-001,0.99799,TEST1,MCNP6.1.1beta
NA,6e-5,ENDFB-VII.1,HEU-MET-FAST-049-002,0.99974,TEST1,MCNP6.1.1beta
NA,6e-5,ENDFB-VII.1,HEU-MET-FAST-049-003,0.99869,TEST1,MCNP6.1.1beta
NA,6e-5,ENDFB-VII.1,HEU-MET-FAST-050-001,0.9981,TEST1,MCNP6.1.1beta
Detailed Model,6e-5,ENDFB-VII.1,HEU-MET-FAST-051-001,0.99515,TEST1,MCNP6.1.1beta
Detailed Model,6e-5,ENDFB-VII.1,HEU-MET-FAST-051-002,0.99539,TEST1,MCNP6.1.1beta
Detailed Model,6e-5,ENDFB-VII.1,HEU-MET-FAST-051-003,0.99502,TEST1,MCNP6.1.1beta
Detailed Model,6e-5,ENDFB-VII.1,HEU-MET-FAST-051-004,0.99503,TEST1,MCNP6.1.1beta
Detailed Model,6e-5,ENDFB-VII.1,HEU-MET-FAST-051-009,0.99485,TEST1,MCNP6.1.1beta
Detailed Model,6e-5,ENDFB-VII.1,HEU-MET-FAST-051-014,0.9988,TEST1,MCNP6.1.1beta
Detailed Model,6e-5,ENDFB-VII.1,HEU-MET-FAST-051-015,0.99796,TEST1,MCNP6.1.1beta
Detailed Model,6e-5,ENDFB-VII.1,HEU-MET-FAST-051-016,0.99639,TEST1,MCNP6.1.1beta
Detailed Model,6e-5,ENDFB-VII.1,HEU-MET-FAST-051-017,0.99546,TEST1,MCNP6.1.1beta
Detailed Model,6e-5,ENDFB-VII.1,HEU-MET-FAST-051-018,0.99401,TEST1,MCNP6.1.1beta
NA,7e-5,ENDFB-VII.1,HEU-MET-FAST-052-001,1.00496,TEST1,MCNP6.1.1beta
NA,6e-5,ENDFB-VII.1,HEU-MET-FAST-055-001,0.99821,TEST1,MCNP6.1.1beta
NA,6e-5,ENDFB-VII.1,HEU-MET-FAST-057-001,0.98963,TEST1,MCNP6.1.1beta
NA,6e-5,ENDFB-VII.1,HEU-MET-FAST-057-002,0.99819,TEST1,MCNP6.1.1beta
NA,7e-5,ENDFB-VII.1,HEU-MET-FAST-057-003,1.0172,TEST1,MCNP6.1.1beta
NA,6e-5,ENDFB-VII.1,HEU-MET-FAST-057-004,0.98797,TEST1,MCNP6.1.1beta
NA,7e-5,ENDFB-VII.1,HEU-MET-FAST-057-005,1.02191,TEST1,MCNP6.1.1beta
NA,6e-5,ENDFB-VII.1,HEU-MET-FAST-057-006,0.99675,TEST1,MCNP6.1.1beta
NA,8e-5,ENDFB-VII.1,HEU-MET-FAST-058-001,1.00333,TEST1,MCNP6.1.1beta
NA,7e-5,ENDFB-VII.1,HEU-MET-FAST-058-002,1.00503,TEST1,MCNP6.1.1beta
NA,7e-5,ENDFB-VII.1,HEU-MET-FAST-058-003,1.00291,TEST1,MCNP6.1.1beta
NA,7e-5,ENDFB-VII.1,HEU-MET-FAST-058-004,1.00188,TEST1,MCNP6.1.1beta
NA,6e-5,ENDFB-VII.1,HEU-MET-FAST-058-005,1.00082,TEST1,MCNP6.1.1beta
Simplified Model,6e-5,ENDFB-VII.1,HEU-MET-FAST-059-001,0.9905,TEST1,MCNP6.1.1beta
Simplified Model,6e-5,ENDFB-VII.1,HEU-MET-FAST-059-002,0.99337,TEST1,MCNP6.1.1beta
NA,6e-5,ENDFB-VII.1,HEU-MET-FAST-060-001,1.00221,TEST1,MCNP6.1.1beta
NA,7e-5,ENDFB-VII.1,HEU-MET-FAST-061-001,1.0044,TEST1,MCNP6.1.1beta
NA,6e-5,ENDFB-VII.1,HEU-MET-FAST-063-001,1.00045,TEST1,MCNP6.1.1beta
NA,6e-5,ENDFB-VII.1,HEU-MET-FAST-063-002,1.00074,TEST1,MCNP6.1.1beta
NA,6e-5,ENDFB-VII.1,HEU-MET-FAST-064-001,0.99541,TEST1,MCNP6.1.1beta
NA,7e-5,ENDFB-VII.1,HEU-MET-FAST-064-002,0.99569,TEST1,MCNP6.1.1beta
NA,7e-5,ENDFB-VII.1,HEU-MET-FAST-064-003,0.99382,TEST1,MCNP6.1.1beta
NA,6e-5,ENDFB-VII.1,HEU-MET-FAST-065-001,0.99803,TEST1,MCNP6.1.1beta
NA,7e-5,ENDFB-VII.1,HEU-MET-FAST-066-001,1.00369,TEST1,MCNP6.1.1beta
NA,7e-5,ENDFB-VII.1,HEU-MET-FAST-066-002,1.00168,TEST1,MCNP6.1.1beta
NA,7e-5,ENDFB-VII.1,HEU-MET-FAST-066-003,1.00454,TEST1,MCNP6.1.1beta
NA,8e-5,ENDFB-VII.1,HEU-MET-FAST-066-004,1.00497,TEST1,MCNP6.1.1beta
NA,7e-5,ENDFB-VII.1,HEU-MET-FAST-066-005,1.00434,TEST1,MCNP6.1.1beta
NA,7e-5,ENDFB-VII.1,HEU-MET-FAST-066-006,1.00351,TEST1,MCNP6.1.1beta
NA,7e-5,ENDFB-VII.1,HEU-MET-FAST-066-007,1.00557,TEST1,MCNP6.1.1beta
NA,8e-5,ENDFB-VII.1,HEU-MET-FAST-066-008,1.00435,TEST1,MCNP6.1.1beta
NA,8e-5,ENDFB-VII.1,HEU-MET-FAST-066-009,1.00279,TEST1,MCNP6.1.1beta
NA,6e-5,ENDFB-VII.1,HEU-MET-FAST-067-001,1.00098,TEST1,MCNP6.1.1beta
NA,6e-5,ENDFB-VII.1,HEU-MET-FAST-067-002,0.99609,TEST1,MCNP6.1.1beta
NA,6e-5,ENDFB-VII.1,HEU-MET-FAST-070-001,1.00563,TEST1,MCNP6.1.1beta
NA,6e-5,ENDFB-VII.1,HEU-MET-FAST-070-002,1.00042,TEST1,MCNP6.1.1beta
NA,6e-5,ENDFB-VII.1,HEU-MET-FAST-070-003,1.00432,TEST1,MCNP6.1.1beta
NA,6e-5,ENDFB-VII.1,HEU-MET-FAST-072-001,1.00844,TEST1,MCNP6.1.1beta
NA,7e-5,ENDFB-VII.1,HEU-MET-FAST-072-003,1.01222,TEST1,MCNP6.1.1beta
NA,7e-5,ENDFB-VII.1,HEU-MET-FAST-073-001,1.00815,TEST1,MCNP6.1.1beta
NA,6e-5,ENDFB-VII.1,HEU-MET-FAST-075-001,1.00124,TEST1,MCNP6.1.1beta
NA,7e-5,ENDFB-VII.1,HEU-MET-FAST-078-001,0.99453,TEST1,MCNP6.1.1beta
NA,7e-5,ENDFB-VII.1,HEU-MET-FAST-078-003,0.99597,TEST1,MCNP6.1.1beta
NA,7e-5,ENDFB-VII.1,HEU-MET-FAST-078-005,0.99619,TEST1,MCNP6.1.1beta
NA,8e-5,ENDFB-VII.1,HEU-MET-FAST-078-007,0.99858,TEST1,MCNP6.1.1beta
NA,7e-5,ENDFB-VII.1,HEU-MET-FAST-078-009,0.99563,TEST1,MCNP6.1.1beta
NA,7e-5,ENDFB-VII.1,HEU-MET-FAST-078-011,0.99576,TEST1,MCNP6.1.1beta
NA,7e-5,ENDFB-VII.1,HEU-MET-FAST-078-013,0.99724,TEST1,MCNP6.1.1beta
NA,7e-5,ENDFB-VII.1,HEU-MET-FAST-078-015,0.99646,TEST1,MCNP6.1.1beta
NA,7e-5,ENDFB-VII.1,HEU-MET-FAST-078-017,0.99654,TEST1,MCNP6.1.1beta
NA,6e-5,ENDFB-VII.1,HEU-MET-FAST-079-001,0.99965,TEST1,MCNP6.1.1beta
NA,6e-5,ENDFB-VII.1,HEU-MET-FAST-079-002,0.99923,TEST1,MCNP6.1.1beta
NA,6e-5,ENDFB-VII.1,HEU-MET-FAST-079-003,1.00007,TEST1,MCNP6.1.1beta
NA,6e-5,ENDFB-VII.1,HEU-MET-FAST-079-004,1.001,TEST1,MCNP6.1.1beta
NA,6e-5,ENDFB-VII.1,HEU-MET-FAST-079-005,0.99982,TEST1,MCNP6.1.1beta
NA,7e-5,ENDFB-VII.1,HEU-MET-FAST-082-001,0.99641,TEST1,MCNP6.1.1beta
NA,7e-5,ENDFB-VII.1,HEU-MET-FAST-082-002,0.99609,TEST1,MCNP6.1.1beta
NA,7e-5,ENDFB-VII.1,HEU-MET-FAST-082-003,0.99832,TEST1,MCNP6.1.1beta
NA,6e-5,ENDFB-VII.1,HEU-MET-FAST-084-001,0.99905,TEST1,MCNP6.1.1beta
NA,6e-5,ENDFB-VII.1,HEU-MET-FAST-084-002,0.9994,TEST1,MCNP6.1.1beta
NA,7e-5,ENDFB-VII.1,HEU-MET-FAST-084-003,1.00004,TEST1,MCNP6.1.1beta
NA,6e-5,ENDFB-VII.1,HEU-MET-FAST-084-004,0.99874,TEST1,MCNP6.1.1beta
NA,6e-5,ENDFB-VII.1,HEU-MET-FAST-084-005,1.00515,TEST1,MCNP6.1.1beta
NA,6e-5,ENDFB-VII.1,HEU-MET-FAST-084-006,0.99863,TEST1,MCNP6.1.1beta
NA,6e-5,ENDFB-VII.1,HEU-MET-FAST-084-007,0.9973,TEST1,MCNP6.1.1beta
NA,7e-5,ENDFB-VII.1,HEU-MET-FAST-084-008,1.00844,TEST1,MCNP6.1.1beta
NA,6e-5,ENDFB-VII.1,HEU-MET-FAST-084-009,1.00278,TEST1,MCNP6.1.1beta
NA,6e-5,ENDFB-VII.1,HEU-MET-FAST-084-010,1.00121,TEST1,MCNP6.1.1beta
NA,7e-5,ENDFB-VII.1,HEU-MET-FAST-084-011,1.0014,TEST1,MCNP6.1.1beta
NA,6e-5,ENDFB-VII.1,HEU-MET-FAST-084-012,0.99749,TEST1,MCNP6.1.1beta
NA,6e-5,ENDFB-VII.1,HEU-MET-FAST-084-013,0.99918,TEST1,MCNP6.1.1beta
NA,6e-5,ENDFB-VII.1,HEU-MET-FAST-084-014,0.99991,TEST1,MCNP6.1.1beta
NA,6e-5,ENDFB-VII.1,HEU-MET-FAST-084-015,0.99817,TEST1,MCNP6.1.1beta
NA,6e-5,ENDFB-VII.1,HEU-MET-FAST-084-016,0.99916,TEST1,MCNP6.1.1beta
NA,6e-5,ENDFB-VII.1,HEU-MET-FAST-084-017,1.00023,TEST1,MCNP6.1.1beta
NA,6e-5,ENDFB-VII.1,HEU-MET-FAST-084-018,0.99757,TEST1,MCNP6.1.1beta
NA,6e-5,ENDFB-VII.1,HEU-MET-FAST-084-019,0.99747,TEST1,MCNP6.1.1beta
NA,6e-5,ENDFB-VII.1,HEU-MET-FAST-084-020,1.00306,TEST1,MCNP6.1.1beta
NA,6e-5,ENDFB-VII.1,HEU-MET-FAST-084-021,1.00034,TEST1,MCNP6.1.1beta
NA,6e-5,ENDFB-VII.1,HEU-MET-FAST-084-022,0.9982,TEST1,MCNP6.1.1beta
NA,7e-5,ENDFB-VII.1,HEU-MET-FAST-084-023,0.99947,TEST1,MCNP6.1.1beta
NA,6e-5,ENDFB-VII.1,HEU-MET-FAST-084-024,0.9988,TEST1,MCNP6.1.1beta
NA,6e-5,ENDFB-VII.1,HEU-MET-FAST-084-025,0.99814,TEST1,MCNP6.1.1beta
NA,6e-5,ENDFB-VII.1,HEU-MET-FAST-084-026,1.00044,TEST1,MCNP6.1.1beta
NA,6e-5,ENDFB-VII.1,HEU-MET-FAST-084-027,0.99762,TEST1,MCNP6.1.1beta
NA,6e-5,ENDFB-VII.1,HEU-MET-FAST-085-001,1.00008,TEST1,MCNP6.1.1beta
NA,6e-5,ENDFB-VII.1,HEU-MET-FAST-085-002,1.00425,TEST1,MCNP6.1.1beta
NA,6e-5,ENDFB-VII.1,HEU-MET-FAST-085-003,0.99605,TEST1,MCNP6.1.1beta
NA,6e-5,ENDFB-VII.1,HEU-MET-FAST-085-004,0.99983,TEST1,MCNP6.1.1beta
NA,6e-5,ENDFB-VII.1,HEU-MET-FAST-085-005,1.00044,TEST1,MCNP6.1.1beta
NA,6e-5,ENDFB-VII.1,HEU-MET-FAST-085-006,1.00603,TEST1,MCNP6.1.1beta
NA,6e-5,ENDFB-VII.1,HEU-MET-FAST-087-001,0.9984,TEST1,MCNP6.1.1beta
NA,8e-5,ENDFB-VII.1,HEU-MET-FAST-088-001,0.99675,TEST1,MCNP6.1.1beta
NA,6e-5,ENDFB-VII.1,HEU-MET-FAST-089-001,1.0001,TEST1,MCNP6.1.1beta
NA,8e-5,ENDFB-VII.1,HEU-MET-FAST-090-001,1.00567,TEST1,MCNP6.1.1beta
NA,8e-5,ENDFB-VII.1,HEU-MET-FAST-091-001,0.99962,TEST1,MCNP6.1.1beta
NA,6e-5,ENDFB-VII.1,HEU-MET-FAST-092-001,1.00127,TEST1,MCNP6.1.1beta
NA,6e-5,ENDFB-VII.1,HEU-MET-FAST-092-002,1.00271,TEST1,MCNP6.1.1beta
NA,6e-5,ENDFB-VII.1,HEU-MET-FAST-092-003,1.00391,TEST1,MCNP6.1.1beta
NA,6e-5,ENDFB-VII.1,HEU-MET-FAST-092-004,1.00336,TEST1,MCNP6.1.1beta
NA,6e-5,ENDFB-VII.1,HEU-MET-FAST-093-001,1.00335,TEST1,MCNP6.1.1beta
NA,7e-5,ENDFB-VII.1,HEU-MET-FAST-094-001,1.00343,TEST1,MCNP6.1.1beta
NA,7e-5,ENDFB-VII.1,HEU-MET-FAST-094-002,1.00373,TEST1,MCNP6.1.1beta
Simplified Model,6e-5,ENDFB-VII.1,HEU-MET-FAST-100-001,1.00492,TEST1,MCNP6.1.1beta
Simplified Model,6e-5,ENDFB-VII.1,HEU-MET-FAST-100-002,0.99882,TEST1,MCNP6.1.1beta
NA,7e-5,ENDFB-VII.1,HEU-MET-INTER-001-001,1.00142,TEST1,MCNP6.1.1beta
NA,8e-5,ENDFB-VII.1,HEU-MET-INTER-006-001,0.99295,TEST1,MCNP6.1.1beta
NA,8e-5,ENDFB-VII.1,HEU-MET-INTER-006-002,0.99688,TEST1,MCNP6.1.1beta
NA,8e-5,ENDFB-VII.1,HEU-MET-INTER-006-003,1.00081,TEST1,MCNP6.1.1beta
NA,7e-5,ENDFB-VII.1,HEU-MET-INTER-006-004,1.00708,TEST1,MCNP6.1.1beta
NA,8e-5,ENDFB-VII.1,HEU-MET-MIXED-001-001,1.00201,TEST1,MCNP6.1.1beta
NA,8e-5,ENDFB-VII.1,HEU-MET-MIXED-002-001,1.00667,TEST1,MCNP6.1.1beta
NA,8e-5,ENDFB-VII.1,HEU-MET-MIXED-003-001,1.00756,TEST1,MCNP6.1.1beta
NA,7e-5,ENDFB-VII.1,HEU-MET-MIXED-012-001,1.00046,TEST1,MCNP6.1.1beta
NA,8e-5,ENDFB-VII.1,HEU-MET-MIXED-015-001,0.99697,TEST1,MCNP6.1.1beta
NA,8e-5,ENDFB-VII.1,HEU-MET-MIXED-016-001,1.00173,TEST1,MCNP6.1.1beta
NA,8e-5,ENDFB-VII.1,HEU-MET-MIXED-016-002,1.00268,TEST1,MCNP6.1.1beta
NA,8e-5,ENDFB-VII.1,HEU-MET-MIXED-017-001,0.9954,TEST1,MCNP6.1.1beta
NA,8e-5,ENDFB-VII.1,HEU-MET-MIXED-020-001,1.00389,TEST1,MCNP6.1.1beta
NA,8e-5,ENDFB-VII.1,HEU-MET-MIXED-020-002,1.00267,TEST1,MCNP6.1.1beta
Detailed Model,8e-5,ENDFB-VII.1,HEU-MET-THERM-010-001,1.00868,TEST1,MCNP6.1.1beta
Detailed Model,9e-5,ENDFB-VII.1,HEU-MET-THERM-012-001,1.0093,TEST1,MCNP6.1.1beta
Detailed Model,9e-5,ENDFB-VII.1,HEU-MET-THERM-014-001,1.00787,TEST1,MCNP6.1.1beta
Detailed Model,8e-5,ENDFB-VII.1,HEU-MET-THERM-031-001,1.00865,TEST1,MCNP6.1.1beta
NA,1.1e-4,ENDFB-VII.1,HEU-SOL-THERM-001-001,0.998,TEST1,MCNP6.1.1beta
NA,1.1e-4,ENDFB-VII.1,HEU-SOL-THERM-001-002,0.99572,TEST1,MCNP6.1.1beta
NA,1.1e-4,ENDFB-VII.1,HEU-SOL-THERM-001-003,1.00188,TEST1,MCNP6.1.1beta
NA,1.1e-4,ENDFB-VII.1,HEU-SOL-THERM-001-004,0.99829,TEST1,MCNP6.1.1beta
NA,9e-5,ENDFB-VII.1,HEU-SOL-THERM-001-005,0.99857,TEST1,MCNP6.1.1beta
NA,9e-5,ENDFB-VII.1,HEU-SOL-THERM-001-006,1.00205,TEST1,MCNP6.1.1beta
NA,1.1e-4,ENDFB-VII.1,HEU-SOL-THERM-001-007,0.99785,TEST1,MCNP6.1.1beta
NA,1.1e-4,ENDFB-VII.1,HEU-SOL-THERM-001-008,0.99818,TEST1,MCNP6.1.1beta
NA,1.1e-4,ENDFB-VII.1,HEU-SOL-THERM-001-009,0.99432,TEST1,MCNP6.1.1beta
NA,9e-5,ENDFB-VII.1,HEU-SOL-THERM-001-010,0.9924,TEST1,MCNP6.1.1beta
NA,9e-5,ENDFB-VII.1,HEU-SOL-THERM-004-003,0.98843,TEST1,MCNP6.1.1beta
NA,1e-4,ENDFB-VII.1,HEU-SOL-THERM-004-004,0.9908,TEST1,MCNP6.1.1beta
NA,1e-4,ENDFB-VII.1,HEU-SOL-THERM-004-005,0.9895,TEST1,MCNP6.1.1beta
NA,1e-4,ENDFB-VII.1,HEU-SOL-THERM-004-006,0.98609,TEST1,MCNP6.1.1beta
NA,1e-4,ENDFB-VII.1,HEU-SOL-THERM-006-001,0.98215,TEST1,MCNP6.1.1beta
NA,1e-4,ENDFB-VII.1,HEU-SOL-THERM-006-002,0.98653,TEST1,MCNP6.1.1beta
NA,9e-5,ENDFB-VII.1,HEU-SOL-THERM-006-003,0.99836,TEST1,MCNP6.1.1beta
NA,9e-5,ENDFB-VII.1,HEU-SOL-THERM-006-004,1.00063,TEST1,MCNP6.1.1beta
NA,8e-5,ENDFB-VII.1,HEU-SOL-THERM-006-005,1.00785,TEST1,MCNP6.1.1beta
NA,8e-5,ENDFB-VII.1,HEU-SOL-THERM-006-006,0.9991,TEST1,MCNP6.1.1beta
NA,8e-5,ENDFB-VII.1,HEU-SOL-THERM-006-007,1.00077,TEST1,MCNP6.1.1beta
NA,1e-4,ENDFB-VII.1,HEU-SOL-THERM-006-008,0.9816,TEST1,MCNP6.1.1beta
NA,1e-4,ENDFB-VII.1,HEU-SOL-THERM-006-009,0.98621,TEST1,MCNP6.1.1beta
NA,9e-5,ENDFB-VII.1,HEU-SOL-THERM-006-010,0.99814,TEST1,MCNP6.1.1beta
NA,8e-5,ENDFB-VII.1,HEU-SOL-THERM-006-011,1.0008,TEST1,MCNP6.1.1beta
NA,1e-4,ENDFB-VII.1,HEU-SOL-THERM-006-012,0.98112,TEST1,MCNP6.1.1beta
NA,1e-4,ENDFB-VII.1,HEU-SOL-THERM-006-013,0.9845,TEST1,MCNP6.1.1beta
NA,9e-5,ENDFB-VII.1,HEU-SOL-THERM-006-014,0.99917,TEST1,MCNP6.1.1beta
NA,8e-5,ENDFB-VII.1,HEU-SOL-THERM-006-015,1.00678,TEST1,MCNP6.1.1beta
NA,8e-5,ENDFB-VII.1,HEU-SOL-THERM-006-016,0.99872,TEST1,MCNP6.1.1beta
NA,8e-5,ENDFB-VII.1,HEU-SOL-THERM-006-017,1.00052,TEST1,MCNP6.1.1beta
NA,9e-5,ENDFB-VII.1,HEU-SOL-THERM-006-018,1.00011,TEST1,MCNP6.1.1beta
NA,8e-5,ENDFB-VII.1,HEU-SOL-THERM-006-019,1.00725,TEST1,MCNP6.1.1beta
NA,8e-5,ENDFB-VII.1,HEU-SOL-THERM-006-020,0.99913,TEST1,MCNP6.1.1beta
NA,8e-5,ENDFB-VII.1,HEU-SOL-THERM-006-021,1.00095,TEST1,MCNP6.1.1beta
NA,9e-5,ENDFB-VII.1,HEU-SOL-THERM-006-022,0.99845,TEST1,MCNP6.1.1beta
NA,9e-5,ENDFB-VII.1,HEU-SOL-THERM-006-023,1.0005,TEST1,MCNP6.1.1beta
NA,8e-5,ENDFB-VII.1,HEU-SOL-THERM-006-024,1.0077,TEST1,MCNP6.1.1beta
NA,8e-5,ENDFB-VII.1,HEU-SOL-THERM-006-025,0.99941,TEST1,MCNP6.1.1beta
NA,8e-5,ENDFB-VII.1,HEU-SOL-THERM-006-026,1.00118,TEST1,MCNP6.1.1beta
NA,1e-4,ENDFB-VII.1,HEU-SOL-THERM-006-027,0.98287,TEST1,MCNP6.1.1beta
NA,1e-4,ENDFB-VII.1,HEU-SOL-THERM-006-028,0.98544,TEST1,MCNP6.1.1beta
NA,8e-5,ENDFB-VII.1,HEU-SOL-THERM-006-029,1.00139,TEST1,MCNP6.1.1beta
NA,1e-4,ENDFB-VII.1,HEU-SOL-THERM-009-001,1.00197,TEST1,MCNP6.1.1beta
NA,1e-4,ENDFB-VII.1,HEU-SOL-THERM-009-002,1.00239,TEST1,MCNP6.1.1beta
NA,9e-5,ENDFB-VII.1,HEU-SOL-THERM-009-003,1.00212,TEST1,MCNP6.1.1beta
NA,1e-4,ENDFB-VII.1,HEU-SOL-THERM-009-004,0.99646,TEST1,MCNP6.1.1beta
NA,9e-5,ENDFB-VII.1,HEU-SOL-THERM-010-001,1.00129,TEST1,MCNP6.1.1beta
NA,8e-5,ENDFB-VII.1,HEU-SOL-THERM-011-001,1.00478,TEST1,MCNP6.1.1beta
NA,8e-5,ENDFB-VII.1,HEU-SOL-THERM-011-002,1.00083,TEST1,MCNP6.1.1beta
NA,5e-5,ENDFB-VII.1,HEU-SOL-THERM-012-001,1.00097,TEST1,MCNP6.1.1beta
NA,6e-5,ENDFB-VII.1,HEU-SOL-THERM-013-001,0.99858,TEST1,MCNP6.1.1beta
NA,1e-4,ENDFB-VII.1,HEU-SOL-THERM-019-001,0.99746,TEST1,MCNP6.1.1beta
NA,1e-4,ENDFB-VII.1,HEU-SOL-THERM-019-002,0.99918,TEST1,MCNP6.1.1beta
NA,9e-5,ENDFB-VII.1,HEU-SOL-THERM-019-003,0.99475,TEST1,MCNP6.1.1beta
NA,1.1e-4,ENDFB-VII.1,HEU-SOL-THERM-020-001,0.99057,TEST1,MCNP6.1.1beta
NA,1.1e-4,ENDFB-VII.1,HEU-SOL-THERM-020-002,0.99628,TEST1,MCNP6.1.1beta
NA,1.2e-4,ENDFB-VII.1,HEU-SOL-THERM-020-003,1.00508,TEST1,MCNP6.1.1beta
NA,1.2e-4,ENDFB-VII.1,HEU-SOL-THERM-020-004,1.00478,TEST1,MCNP6.1.1beta
NA,1.1e-4,ENDFB-VII.1,HEU-SOL-THERM-020-005,1.01439,TEST1,MCNP6.1.1beta
NA,8e-5,ENDFB-VII.1,HEU-SOL-THERM-025-001,1.00087,TEST1,MCNP6.1.1beta
NA,8e-5,ENDFB-VII.1,HEU-SOL-THERM-025-002,1.00033,TEST1,MCNP6.1.1beta
NA,8e-5,ENDFB-VII.1,HEU-SOL-THERM-025-003,0.99532,TEST1,MCNP6.1.1beta
NA,8e-5,ENDFB-VII.1,HEU-SOL-THERM-025-004,1.0008,TEST1,MCNP6.1.1beta
NA,9e-5,ENDFB-VII.1,HEU-SOL-THERM-025-005,1.00316,TEST1,MCNP6.1.1beta
NA,7e-5,ENDFB-VII.1,HEU-SOL-THERM-025-006,1.00841,TEST1,MCNP6.1.1beta
NA,8e-5,ENDFB-VII.1,HEU-SOL-THERM-025-007,1.01268,TEST1,MCNP6.1.1beta
NA,7e-5,ENDFB-VII.1,HEU-SOL-THERM-025-008,1.00992,TEST1,MCNP6.1.1beta
NA,8e-5,ENDFB-VII.1,HEU-SOL-THERM-025-009,1.00381,TEST1,MCNP6.1.1beta
NA,8e-5,ENDFB-VII.1,HEU-SOL-THERM-025-010,1.00815,TEST1,MCNP6.1.1beta
NA,8e-5,ENDFB-VII.1,HEU-SOL-THERM-025-011,1.00714,TEST1,MCNP6.1.1beta
NA,8e-5,ENDFB-VII.1,HEU-SOL-THERM-025-012,1.00588,TEST1,MCNP6.1.1beta
NA,8e-5,ENDFB-VII.1,HEU-SOL-THERM-025-013,1.01385,TEST1,MCNP6.1.1beta
NA,7e-5,ENDFB-VII.1,HEU-SOL-THERM-025-014,1.00504,TEST1,MCNP6.1.1beta
NA,8e-5,ENDFB-VII.1,HEU-SOL-THERM-025-015,0.99899,TEST1,MCNP6.1.1beta
NA,8e-5,ENDFB-VII.1,HEU-SOL-THERM-025-016,1.00909,TEST1,MCNP6.1.1beta
NA,8e-5,ENDFB-VII.1,HEU-SOL-THERM-025-017,1.00112,TEST1,MCNP6.1.1beta
NA,8e-5,ENDFB-VII.1,HEU-SOL-THERM-025-018,0.99885,TEST1,MCNP6.1.1beta
NA,1.1e-4,ENDFB-VII.1,HEU-SOL-THERM-027-001,0.99591,TEST1,MCNP6.1.1beta
NA,1e-4,ENDFB-VII.1,HEU-SOL-THERM-027-002,0.99683,TEST1,MCNP6.1.1beta
NA,1e-4,ENDFB-VII.1,HEU-SOL-THERM-027-003,0.99769,TEST1,MCNP6.1.1beta
NA,1e-4,ENDFB-VII.1,HEU-SOL-THERM-027-004,0.9985,TEST1,MCNP6.1.1beta
NA,1e-4,ENDFB-VII.1,HEU-SOL-THERM-027-005,0.99647,TEST1,MCNP6.1.1beta
NA,1e-4,ENDFB-VII.1,HEU-SOL-THERM-027-006,0.99142,TEST1,MCNP6.1.1beta
NA,1e-4,ENDFB-VII.1,HEU-SOL-THERM-027-007,0.99785,TEST1,MCNP6.1.1beta
NA,1e-4,ENDFB-VII.1,HEU-SOL-THERM-027-008,1.00045,TEST1,MCNP6.1.1beta
NA,1e-4,ENDFB-VII.1,HEU-SOL-THERM-027-009,0.99797,TEST1,MCNP6.1.1beta
NA,9e-5,ENDFB-VII.1,HEU-SOL-THERM-028-001,0.99653,TEST1,MCNP6.1.1beta
NA,8e-5,ENDFB-VII.1,HEU-SOL-THERM-028-002,0.99714,TEST1,MCNP6.1.1beta
NA,9e-5,ENDFB-VII.1,HEU-SOL-THERM-028-003,0.99827,TEST1,MCNP6.1.1beta
NA,8e-5,ENDFB-VII.1,HEU-SOL-THERM-028-004,0.99893,TEST1,MCNP6.1.1beta
NA,9e-5,ENDFB-VII.1,HEU-SOL-THERM-028-005,0.99369,TEST1,MCNP6.1.1beta
NA,9e-5,ENDFB-VII.1,HEU-SOL-THERM-028-006,0.99746,TEST1,MCNP6.1.1beta
NA,9e-5,ENDFB-VII.1,HEU-SOL-THERM-028-007,0.99767,TEST1,MCNP6.1.1beta
NA,9e-5,ENDFB-VII.1,HEU-SOL-THERM-028-008,0.99788,TEST1,MCNP6.1.1beta
NA,1e-4,ENDFB-VII.1,HEU-SOL-THERM-028-009,0.99545,TEST1,MCNP6.1.1beta
NA,9e-5,ENDFB-VII.1,HEU-SOL-THERM-028-010,0.9939,TEST1,MCNP6.1.1beta
NA,1e-4,ENDFB-VII.1,HEU-SOL-THERM-028-011,0.99695,TEST1,MCNP6.1.1beta
NA,9e-5,ENDFB-VII.1,HEU-SOL-THERM-028-012,0.99435,TEST1,MCNP6.1.1beta
NA,1e-4,ENDFB-VII.1,HEU-SOL-THERM-028-013,0.99601,TEST1,MCNP6.1.1beta
NA,1e-4,ENDFB-VII.1,HEU-SOL-THERM-028-014,0.99618,TEST1,MCNP6.1.1beta
NA,1e-4,ENDFB-VII.1,HEU-SOL-THERM-028-015,1.00418,TEST1,MCNP6.1.1beta
NA,9e-5,ENDFB-VII.1,HEU-SOL-THERM-028-016,1.00046,TEST1,MCNP6.1.1beta
NA,1e-4,ENDFB-VII.1,HEU-SOL-THERM-028-017,0.99576,TEST1,MCNP6.1.1beta
NA,1e-4,ENDFB-VII.1,HEU-SOL-THERM-028-018,0.99661,TEST1,MCNP6.1.1beta
NA,4e-5,ENDFB-VII.1,HEU-SOL-THERM-032-001,0.9993,TEST1,MCNP6.1.1beta
NA,1e-4,ENDFB-VII.1,HEU-SOL-THERM-038-001,0.99507,TEST1,MCNP6.1.1beta
NA,1e-4,ENDFB-VII.1,HEU-SOL-THERM-038-002,0.99722,TEST1,MCNP6.1.1beta
NA,1e-4,ENDFB-VII.1,HEU-SOL-THERM-038-003,0.99759,TEST1,MCNP6.1.1beta
NA,1e-4,ENDFB-VII.1,HEU-SOL-THERM-038-004,0.99523,TEST1,MCNP6.1.1beta
NA,1e-4,ENDFB-VII.1,HEU-SOL-THERM-038-005,0.99514,TEST1,MCNP6.1.1beta
NA,1e-4,ENDFB-VII.1,HEU-SOL-THERM-038-006,0.99672,TEST1,MCNP6.1.1beta
NA,1e-4,ENDFB-VII.1,HEU-SOL-THERM-038-007,0.99761,TEST1,MCNP6.1.1beta
NA,1e-4,ENDFB-VII.1,HEU-SOL-THERM-038-008,0.99835,TEST1,MCNP6.1.1beta
NA,1e-4,ENDFB-VII.1,HEU-SOL-THERM-038-009,0.99862,TEST1,MCNP6.1.1beta
NA,1e-4,ENDFB-VII.1,HEU-SOL-THERM-038-010,0.99722,TEST1,MCNP6.1.1beta
NA,1e-4,ENDFB-VII.1,HEU-SOL-THERM-038-011,0.99621,TEST1,MCNP6.1.1beta
NA,1e-4,ENDFB-VII.1,HEU-SOL-THERM-038-012,0.99594,TEST1,MCNP6.1.1beta
NA,1e-4,ENDFB-VII.1,HEU-SOL-THERM-038-013,1.00081,TEST1,MCNP6.1.1beta
NA,1e-4,ENDFB-VII.1,HEU-SOL-THERM-038-014,1.00154,TEST1,MCNP6.1.1beta
NA,1e-4,ENDFB-VII.1,HEU-SOL-THERM-038-015,1.00079,TEST1,MCNP6.1.1beta
NA,1e-4,ENDFB-VII.1,HEU-SOL-THERM-038-016,1.00008,TEST1,MCNP6.1.1beta
NA,1e-4,ENDFB-VII.1,HEU-SOL-THERM-038-017,0.99683,TEST1,MCNP6.1.1beta
NA,1e-4,ENDFB-VII.1,HEU-SOL-THERM-038-018,0.99515,TEST1,MCNP6.1.1beta
NA,1e-4,ENDFB-VII.1,HEU-SOL-THERM-038-019,0.9972,TEST1,MCNP6.1.1beta
NA,1e-4,ENDFB-VII.1,HEU-SOL-THERM-038-020,0.99734,TEST1,MCNP6.1.1beta
NA,1e-4,ENDFB-VII.1,HEU-SOL-THERM-038-021,0.99716,TEST1,MCNP6.1.1beta
NA,1e-4,ENDFB-VII.1,HEU-SOL-THERM-038-022,0.99758,TEST1,MCNP6.1.1beta
NA,1e-4,ENDFB-VII.1,HEU-SOL-THERM-038-023,0.99694,TEST1,MCNP6.1.1beta
NA,1e-4,ENDFB-VII.1,HEU-SOL-THERM-038-024,0.99709,TEST1,MCNP6.1.1beta
NA,1e-4,ENDFB-VII.1,HEU-SOL-THERM-038-025,0.99726,TEST1,MCNP6.1.1beta
NA,1e-4,ENDFB-VII.1,HEU-SOL-THERM-038-026,0.99794,TEST1,MCNP6.1.1beta
NA,1e-4,ENDFB-VII.1,HEU-SOL-THERM-038-027,0.99735,TEST1,MCNP6.1.1beta
NA,1e-4,ENDFB-VII.1,HEU-SOL-THERM-038-028,0.99746,TEST1,MCNP6.1.1beta
NA,5e-5,ENDFB-VII.1,HEU-SOL-THERM-042-001,0.99667,TEST1,MCNP6.1.1beta
NA,5e-5,ENDFB-VII.1,HEU-SOL-THERM-042-002,0.99642,TEST1,MCNP6.1.1beta
NA,4e-5,ENDFB-VII.1,HEU-SOL-THERM-042-003,1.0008,TEST1,MCNP6.1.1beta
NA,3e-5,ENDFB-VII.1,HEU-SOL-THERM-042-004,1.00224,TEST1,MCNP6.1.1beta
NA,3e-5,ENDFB-VII.1,HEU-SOL-THERM-042-005,1.00021,TEST1,MCNP6.1.1beta
NA,3e-5,ENDFB-VII.1,HEU-SOL-THERM-042-006,1.00049,TEST1,MCNP6.1.1beta
NA,3e-5,ENDFB-VII.1,HEU-SOL-THERM-042-007,1.00136,TEST1,MCNP6.1.1beta
NA,3e-5,ENDFB-VII.1,HEU-SOL-THERM-042-008,1.00205,TEST1,MCNP6.1.1beta
NA,1e-4,ENDFB-VII.1,HEU-SOL-THERM-043-001,0.99469,TEST1,MCNP6.1.1beta
NA,7e-5,ENDFB-VII.1,HEU-SOL-THERM-043-002,1.00535,TEST1,MCNP6.1.1beta
NA,6e-5,ENDFB-VII.1,HEU-SOL-THERM-043-003,1.00098,TEST1,MCNP6.1.1beta
NA,9e-5,ENDFB-VII.1,HEU-SOL-THERM-049-001,0.99885,TEST1,MCNP6.1.1beta
NA,1e-4,ENDFB-VII.1,HEU-SOL-THERM-049-002,0.99054,TEST1,MCNP6.1.1beta
NA,1e-4,ENDFB-VII.1,HEU-SOL-THERM-049-003,0.99796,TEST1,MCNP6.1.1beta
NA,9e-5,ENDFB-VII.1,HEU-SOL-THERM-049-004,0.99914,TEST1,MCNP6.1.1beta
NA,9e-5,ENDFB-VII.1,HEU-SOL-THERM-049-005,1.00148,TEST1,MCNP6.1.1beta
NA,9e-5,ENDFB-VII.1,HEU-SOL-THERM-049-006,1.00518,TEST1,MCNP6.1.1beta
NA,9e-5,ENDFB-VII.1,HEU-SOL-THERM-049-007,1.00552,TEST1,MCNP6.1.1beta
NA,9e-5,ENDFB-VII.1,HEU-SOL-THERM-049-008,1.00416,TEST1,MCNP6.1.1beta
NA,1e-4,ENDFB-VII.1,HEU-SOL-THERM-049-009,0.99823,TEST1,MCNP6.1.1beta
NA,1e-4,ENDFB-VII.1,HEU-SOL-THERM-049-010,0.98884,TEST1,MCNP6.1.1beta
NA,1e-4,ENDFB-VII.1,HEU-SOL-THERM-049-011,0.99295,TEST1,MCNP6.1.1beta
NA,1e-4,ENDFB-VII.1,HEU-SOL-THERM-049-012,0.99573,TEST1,MCNP6.1.1beta
NA,1e-4,ENDFB-VII.1,HEU-SOL-THERM-049-013,0.9967,TEST1,MCNP6.1.1beta
NA,9e-5,ENDFB-VII.1,HEU-SOL-THERM-049-014,0.99789,TEST1,MCNP6.1.1beta
NA,9e-5,ENDFB-VII.1,HEU-SOL-THERM-049-015,0.99987,TEST1,MCNP6.1.1beta
NA,9e-5,ENDFB-VII.1,HEU-SOL-THERM-049-016,0.99855,TEST1,MCNP6.1.1beta
NA,9e-5,ENDFB-VII.1,HEU-SOL-THERM-049-017,0.99825,TEST1,MCNP6.1.1beta
NA,9e-5,ENDFB-VII.1,HEU-SOL-THERM-049-018,0.99999,TEST1,MCNP6.1.1beta
NA,9e-5,ENDFB-VII.1,HEU-SOL-THERM-049-019,1.0008,TEST1,MCNP6.1.1beta
NA,9e-5,ENDFB-VII.1,HEU-SOL-THERM-049-020,0.9992,TEST1,MCNP6.1.1beta
NA,1e-4,ENDFB-VII.1,HEU-SOL-THERM-050-001,1.00735,TEST1,MCNP6.1.1beta
NA,1.1e-4,ENDFB-VII.1,HEU-SOL-THERM-050-002,1.00281,TEST1,MCNP6.1.1beta
NA,1.1e-4,ENDFB-VII.1,HEU-SOL-THERM-050-003,1.00469,TEST1,MCNP6.1.1beta
NA,1.1e-4,ENDFB-VII.1,HEU-SOL-THERM-050-004,1.00438,TEST1,MCNP6.1.1beta
NA,1.1e-4,ENDFB-VII.1,HEU-SOL-THERM-050-005,1.00072,TEST1,MCNP6.1.1beta
NA,1.1e-4,ENDFB-VII.1,HEU-SOL-THERM-050-006,1.00921,TEST1,MCNP6.1.1beta
NA,1.1e-4,ENDFB-VII.1,HEU-SOL-THERM-050-007,0.99831,TEST1,MCNP6.1.1beta
NA,1e-4,ENDFB-VII.1,HEU-SOL-THERM-050-008,0.99785,TEST1,MCNP6.1.1beta
NA,1e-4,ENDFB-VII.1,HEU-SOL-THERM-050-009,0.99708,TEST1,MCNP6.1.1beta
NA,1.1e-4,ENDFB-VII.1,HEU-SOL-THERM-050-010,0.98003,TEST1,MCNP6.1.1beta
NA,1.1e-4,ENDFB-VII.1,HEU-SOL-THERM-050-011,0.99138,TEST1,MCNP6.1.1beta
NA,6e-5,ENDFB-VII.1,IEU-COMP-FAST-004-001,1.00005,TEST1,MCNP6.1.1beta
Reference Model,6e-5,ENDFB-VII.1,IEU-MET-FAST-001-001,1.00014,TEST1,MCNP6.1.1beta
Reference Model,6e-5,ENDFB-VII.1,IEU-MET-FAST-001-002,1.00049,TEST1,MCNP6.1.1beta
Reference Model,6e-5,ENDFB-VII.1,IEU-MET-FAST-001-003,1.00042,TEST1,MCNP6.1.1beta
Reference Model,6e-5,ENDFB-VII.1,IEU-MET-FAST-001-004,1.00155,TEST1,MCNP6.1.1beta
NA,6e-5,ENDFB-VII.1,IEU-MET-FAST-002-001,0.99881,TEST1,MCNP6.1.1beta
Detailed Model,6e-5,ENDFB-VII.1,IEU-MET-FAST-003-001,1.00228,TEST1,MCNP6.1.1beta
Detailed Model,6e-5,ENDFB-VII.1,IEU-MET-FAST-004-001,1.00737,TEST1,MCNP6.1.1beta
Detailed Model,6e-5,ENDFB-VII.1,IEU-MET-FAST-005-001,1.00178,TEST1,MCNP6.1.1beta
Detailed Model,6e-5,ENDFB-VII.1,IEU-MET-FAST-006-001,0.99615,TEST1,MCNP6.1.1beta
Detailed Model,5e-5,ENDFB-VII.1,IEU-MET-FAST-007-001,1.00448,TEST1,MCNP6.1.1beta
NA,6e-5,ENDFB-VII.1,IEU-MET-FAST-008-001,1.00533,TEST1,MCNP6.1.1beta
NA,7e-5,ENDFB-VII.1,IEU-MET-FAST-009-001,1.01052,TEST1,MCNP6.1.1beta
NA,5e-5,ENDFB-VII.1,IEU-MET-FAST-010-001,0.99627,TEST1,MCNP6.1.1beta
NA,5e-5,ENDFB-VII.1,IEU-MET-FAST-012-001,1.003,TEST1,MCNP6.1.1beta
NA,5e-5,ENDFB-VII.1,IEU-MET-FAST-013-001,0.99683,TEST1,MCNP6.1.1beta
NA,5e-5,ENDFB-VII.1,IEU-MET-FAST-014-001,0.99686,TEST1,MCNP6.1.1beta
NA,5e-5,ENDFB-VII.1,IEU-MET-FAST-014-002,0.9936,TEST1,MCNP6.1.1beta
NA,6e-5,ENDFB-VII.1,IEU-MET-FAST-015-001,0.99905,TEST1,MCNP6.1.1beta
NA,5e-5,ENDFB-VII.1,IEU-MET-FAST-016-001,0.99642,TEST1,MCNP6.1.1beta
NA,7e-5,ENDFB-VII.1,LEU-COMP-THERM-001-001,0.99955,TEST1,MCNP6.1.1beta
NA,7e-5,ENDFB-VII.1,LEU-COMP-THERM-001-002,0.99906,TEST1,MCNP6.1.1beta
NA,6e-5,ENDFB-VII.1,LEU-COMP-THERM-001-003,0.9985,TEST1,MCNP6.1.1beta
NA,6e-5,ENDFB-VII.1,LEU-COMP-THERM-001-004,0.99908,TEST1,MCNP6.1.1beta
NA,7e-5,ENDFB-VII.1,LEU-COMP-THERM-001-005,0.99695,TEST1,MCNP6.1.1beta
NA,7e-5,ENDFB-VII.1,LEU-COMP-THERM-001-006,0.9989,TEST1,MCNP6.1.1beta
NA,6e-5,ENDFB-VII.1,LEU-COMP-THERM-001-007,0.99829,TEST1,MCNP6.1.1beta
NA,6e-5,ENDFB-VII.1,LEU-COMP-THERM-001-008,0.99732,TEST1,MCNP6.1.1beta
NA,8e-5,ENDFB-VII.1,LEU-COMP-THERM-002-001,0.99845,TEST1,MCNP6.1.1beta
NA,7e-5,ENDFB-VII.1,LEU-COMP-THERM-002-002,0.99978,TEST1,MCNP6.1.1beta
NA,7e-5,ENDFB-VII.1,LEU-COMP-THERM-002-003,0.99914,TEST1,MCNP6.1.1beta
NA,7e-5,ENDFB-VII.1,LEU-COMP-THERM-002-004,0.9987,TEST1,MCNP6.1.1beta
NA,7e-5,ENDFB-VII.1,LEU-COMP-THERM-002-005,0.99772,TEST1,MCNP6.1.1beta
NA,8e-5,ENDFB-VII.1,LEU-COMP-THERM-005-001,1.00254,TEST1,MCNP6.1.1beta
NA,8e-5,ENDFB-VII.1,LEU-COMP-THERM-005-002,0.99975,TEST1,MCNP6.1.1beta
NA,8e-5,ENDFB-VII.1,LEU-COMP-THERM-005-003,0.99898,TEST1,MCNP6.1.1beta
NA,8e-5,ENDFB-VII.1,LEU-COMP-THERM-005-004,0.99755,TEST1,MCNP6.1.1beta
NA,8e-5,ENDFB-VII.1,LEU-COMP-THERM-005-005,1.00499,TEST1,MCNP6.1.1beta
NA,8e-5,ENDFB-VII.1,LEU-COMP-THERM-005-006,1.00548,TEST1,MCNP6.1.1beta
NA,8e-5,ENDFB-VII.1,LEU-COMP-THERM-005-007,1.00139,TEST1,MCNP6.1.1beta
NA,8e-5,ENDFB-VII.1,LEU-COMP-THERM-005-008,1.00141,TEST1,MCNP6.1.1beta
NA,8e-5,ENDFB-VII.1,LEU-COMP-THERM-005-009,1.00196,TEST1,MCNP6.1.1beta
NA,7e-5,ENDFB-VII.1,LEU-COMP-THERM-005-010,1.00118,TEST1,MCNP6.1.1beta
NA,7e-5,ENDFB-VII.1,LEU-COMP-THERM-005-011,1.00182,TEST1,MCNP6.1.1beta
NA,7e-5,ENDFB-VII.1,LEU-COMP-THERM-005-012,1.00646,TEST1,MCNP6.1.1beta
NA,7e-5,ENDFB-VII.1,LEU-COMP-THERM-005-013,1.01205,TEST1,MCNP6.1.1beta
Detailed Model,7e-5,ENDFB-VII.1,LEU-COMP-THERM-006-001,1.00005,TEST1,MCNP6.1.1beta
Detailed Model,7e-5,ENDFB-VII.1,LEU-COMP-THERM-006-002,1.00048,TEST1,MCNP6.1.1beta
Detailed Model,7e-5,ENDFB-VII.1,LEU-COMP-THERM-006-003,1.00025,TEST1,MCNP6.1.1beta
Detailed Model,7e-5,ENDFB-VII.1,LEU-COMP-THERM-006-004,1.00005,TEST1,MCNP6.1.1beta
Detailed Model,7e-5,ENDFB-VII.1,LEU-COMP-THERM-006-005,0.99979,TEST1,MCNP6.1.1beta
Detailed Model,7e-5,ENDFB-VII.1,LEU-COMP-THERM-006-006,1.00021,TEST1,MCNP6.1.1beta
Detailed Model,7e-5,ENDFB-VII.1,LEU-COMP-THERM-006-007,1,TEST1,MCNP6.1.1beta
Detailed Model,7e-5,ENDFB-VII.1,LEU-COMP-THERM-006-008,0.99984,TEST1,MCNP6.1.1beta
Detailed Model,7e-5,ENDFB-VII.1,LEU-COMP-THERM-006-009,0.99986,TEST1,MCNP6.1.1beta
Detailed Model,7e-5,ENDFB-VII.1,LEU-COMP-THERM-006-010,0.99987,TEST1,MCNP6.1.1beta
Detailed Model,7e-5,ENDFB-VII.1,LEU-COMP-THERM-006-011,0.99985,TEST1,MCNP6.1.1beta
Detailed Model,7e-5,ENDFB-VII.1,LEU-COMP-THERM-006-012,0.99965,TEST1,MCNP6.1.1beta
Detailed Model,7e-5,ENDFB-VII.1,LEU-COMP-THERM-006-013,0.99933,TEST1,MCNP6.1.1beta
Detailed Model,7e-5,ENDFB-VII.1,LEU-COMP-THERM-006-014,0.99975,TEST1,MCNP6.1.1beta
Detailed Model,7e-5,ENDFB-VII.1,LEU-COMP-THERM-006-015,0.99974,TEST1,MCNP6.1.1beta
Detailed Model,7e-5,ENDFB-VII.1,LEU-COMP-THERM-006-016,0.99978,TEST1,MCNP6.1.1beta
Detailed Model,7e-5,ENDFB-VII.1,LEU-COMP-THERM-006-017,0.9995,TEST1,MCNP6.1.1beta
Detailed Model,7e-5,ENDFB-VII.1,LEU-COMP-THERM-006-018,0.99941,TEST1,MCNP6.1.1beta
NA,8e-5,ENDFB-VII.1,LEU-COMP-THERM-007-001,0.9975,TEST1,MCNP6.1.1beta
NA,8e-5,ENDFB-VII.1,LEU-COMP-THERM-007-002,0.99867,TEST1,MCNP6.1.1beta
NA,7e-5,ENDFB-VII.1,LEU-COMP-THERM-007-003,0.99763,TEST1,MCNP6.1.1beta
NA,6e-5,ENDFB-VII.1,LEU-COMP-THERM-007-004,0.998,TEST1,MCNP6.1.1beta
NA,8e-5,ENDFB-VII.1,LEU-COMP-THERM-007-005,0.99703,TEST1,MCNP6.1.1beta
NA,8e-5,ENDFB-VII.1,LEU-COMP-THERM-007-006,0.99896,TEST1,MCNP6.1.1beta
NA,7e-5,ENDFB-VII.1,LEU-COMP-THERM-007-007,0.99845,TEST1,MCNP6.1.1beta
NA,8e-5,ENDFB-VII.1,LEU-COMP-THERM-007-008,0.99833,TEST1,MCNP6.1.1beta
NA,8e-5,ENDFB-VII.1,LEU-COMP-THERM-007-009,0.99822,TEST1,MCNP6.1.1beta
NA,7e-5,ENDFB-VII.1,LEU-COMP-THERM-007-010,0.99846,TEST1,MCNP6.1.1beta
NA,7e-5,ENDFB-VII.1,LEU-COMP-THERM-008-001,1.0006,TEST1,MCNP6.1.1beta
NA,7e-5,ENDFB-VII.1,LEU-COMP-THERM-008-002,1.00087,TEST1,MCNP6.1.1beta
NA,7e-5,ENDFB-VII.1,LEU-COMP-THERM-008-005,1.00042,TEST1,MCNP6.1.1beta
NA,7e-5,ENDFB-VII.1,LEU-COMP-THERM-008-007,1.00017,TEST1,MCNP6.1.1beta
NA,6e-5,ENDFB-VII.1,LEU-COMP-THERM-008-008,0.99981,TEST1,MCNP6.1.1beta
NA,7e-5,ENDFB-VII.1,LEU-COMP-THERM-008-011,1.00135,TEST1,MCNP6.1.1beta
NA,7e-5,ENDFB-VII.1,LEU-COMP-THERM-009-001,0.99911,TEST1,MCNP6.1.1beta
NA,7e-5,ENDFB-VII.1,LEU-COMP-THERM-009-002,0.99905,TEST1,MCNP6.1.1beta
NA,8e-5,ENDFB-VII.1,LEU-COMP-THERM-009-003,0.99857,TEST1,MCNP6.1.1beta
NA,8e-5,ENDFB-VII.1,LEU-COMP-THERM-009-004,0.99905,TEST1,MCNP6.1.1beta
NA,7e-5,ENDFB-VII.1,LEU-COMP-THERM-009-005,0.99975,TEST1,MCNP6.1.1beta
NA,7e-5,ENDFB-VII.1,LEU-COMP-THERM-009-006,0.99887,TEST1,MCNP6.1.1beta
NA,7e-5,ENDFB-VII.1,LEU-COMP-THERM-009-007,0.99982,TEST1,MCNP6.1.1beta
NA,7e-5,ENDFB-VII.1,LEU-COMP-THERM-009-008,0.99902,TEST1,MCNP6.1.1beta
NA,7e-5,ENDFB-VII.1,LEU-COMP-THERM-009-010,0.99883,TEST1,MCNP6.1.1beta
NA,8e-5,ENDFB-VII.1,LEU-COMP-THERM-009-011,0.99893,TEST1,MCNP6.1.1beta
NA,8e-5,ENDFB-VII.1,LEU-COMP-THERM-009-013,0.99926,TEST1,MCNP6.1.1beta
NA,7e-5,ENDFB-VII.1,LEU-COMP-THERM-009-015,0.99954,TEST1,MCNP6.1.1beta
NA,7e-5,ENDFB-VII.1,LEU-COMP-THERM-009-016,0.99902,TEST1,MCNP6.1.1beta
NA,7e-5,ENDFB-VII.1,LEU-COMP-THERM-009-017,0.99966,TEST1,MCNP6.1.1beta
NA,7e-5,ENDFB-VII.1,LEU-COMP-THERM-009-018,0.99853,TEST1,MCNP6.1.1beta
NA,7e-5,ENDFB-VII.1,LEU-COMP-THERM-009-019,0.99968,TEST1,MCNP6.1.1beta
NA,8e-5,ENDFB-VII.1,LEU-COMP-THERM-009-020,0.99892,TEST1,MCNP6.1.1beta
NA,7e-5,ENDFB-VII.1,LEU-COMP-THERM-009-021,0.9996,TEST1,MCNP6.1.1beta
NA,7e-5,ENDFB-VII.1,LEU-COMP-THERM-009-022,0.99927,TEST1,MCNP6.1.1beta
NA,8e-5,ENDFB-VII.1,LEU-COMP-THERM-009-023,0.99997,TEST1,MCNP6.1.1beta
NA,8e-5,ENDFB-VII.1,LEU-COMP-THERM-009-024,0.9988,TEST1,MCNP6.1.1beta
NA,7e-5,ENDFB-VII.1,LEU-COMP-THERM-009-025,0.99916,TEST1,MCNP6.1.1beta
NA,7e-5,ENDFB-VII.1,LEU-COMP-THERM-009-026,0.99917,TEST1,MCNP6.1.1beta
NA,8e-5,ENDFB-VII.1,LEU-COMP-THERM-009-027,0.99937,TEST1,MCNP6.1.1beta
NA,7e-5,ENDFB-VII.1,LEU-COMP-THERM-010-001,1.00496,TEST1,MCNP6.1.1beta
NA,8e-5,ENDFB-VII.1,LEU-COMP-THERM-010-002,1.00522,TEST1,MCNP6.1.1beta
NA,7e-5,ENDFB-VII.1,LEU-COMP-THERM-010-003,1.00415,TEST1,MCNP6.1.1beta
NA,7e-5,ENDFB-VII.1,LEU-COMP-THERM-010-004,0.99681,TEST1,MCNP6.1.1beta
NA,7e-5,ENDFB-VII.1,LEU-COMP-THERM-010-005,0.9995,TEST1,MCNP6.1.1beta
NA,7e-5,ENDFB-VII.1,LEU-COMP-THERM-010-006,1.00008,TEST1,MCNP6.1.1beta
NA,7e-5,ENDFB-VII.1,LEU-COMP-THERM-010-007,1.00122,TEST1,MCNP6.1.1beta
NA,7e-5,ENDFB-VII.1,LEU-COMP-THERM-010-008,0.99788,TEST1,MCNP6.1.1beta
NA,7e-5,ENDFB-VII.1,LEU-COMP-THERM-010-009,0.99994,TEST1,MCNP6.1.1beta
NA,8e-5,ENDFB-VII.1,LEU-COMP-THERM-010-010,1.00024,TEST1,MCNP6.1.1beta
NA,8e-5,ENDFB-VII.1,LEU-COMP-THERM-010-011,1.00062,TEST1,MCNP6.1.1beta
NA,7e-5,ENDFB-VII.1,LEU-COMP-THERM-010-012,0.99975,TEST1,MCNP6.1.1beta
NA,7e-5,ENDFB-VII.1,LEU-COMP-THERM-010-013,0.99758,TEST1,MCNP6.1.1beta
NA,8e-5,ENDFB-VII.1,LEU-COMP-THERM-010-014,1.00203,TEST1,MCNP6.1.1beta
NA,8e-5,ENDFB-VII.1,LEU-COMP-THERM-010-015,1.00258,TEST1,MCNP6.1.1beta
NA,8e-5,ENDFB-VII.1,LEU-COMP-THERM-010-016,1.00309,TEST1,MCNP6.1.1beta
NA,8e-5,ENDFB-VII.1,LEU-COMP-THERM-010-017,1.00247,TEST1,MCNP6.1.1beta
NA,8e-5,ENDFB-VII.1,LEU-COMP-THERM-010-018,1.00239,TEST1,MCNP6.1.1beta
NA,8e-5,ENDFB-VII.1,LEU-COMP-THERM-010-019,1.00173,TEST1,MCNP6.1.1beta
NA,8e-5,ENDFB-VII.1,LEU-COMP-THERM-010-020,1.00401,TEST1,MCNP6.1.1beta
NA,8e-5,ENDFB-VII.1,LEU-COMP-THERM-010-021,1.0041,TEST1,MCNP6.1.1beta
NA,7e-5,ENDFB-VII.1,LEU-COMP-THERM-010-022,1.00367,TEST1,MCNP6.1.1beta
NA,8e-5,ENDFB-VII.1,LEU-COMP-THERM-010-023,1.00213,TEST1,MCNP6.1.1beta
NA,7e-5,ENDFB-VII.1,LEU-COMP-THERM-010-024,1.0002,TEST1,MCNP6.1.1beta
NA,7e-5,ENDFB-VII.1,LEU-COMP-THERM-010-025,1.00171,TEST1,MCNP6.1.1beta
NA,8e-5,ENDFB-VII.1,LEU-COMP-THERM-010-026,1.00217,TEST1,MCNP6.1.1beta
NA,8e-5,ENDFB-VII.1,LEU-COMP-THERM-010-027,1.00233,TEST1,MCNP6.1.1beta
NA,8e-5,ENDFB-VII.1,LEU-COMP-THERM-010-028,1.00267,TEST1,MCNP6.1.1beta
NA,7e-5,ENDFB-VII.1,LEU-COMP-THERM-010-029,1.00207,TEST1,MCNP6.1.1beta
NA,7e-5,ENDFB-VII.1,LEU-COMP-THERM-010-030,1.00067,TEST1,MCNP6.1.1beta
NA,7e-5,ENDFB-VII.1,LEU-COMP-THERM-011-002,0.99837,TEST1,MCNP6.1.1beta
NA,7e-5,ENDFB-VII.1,LEU-COMP-THERM-011-003,0.99813,TEST1,MCNP6.1.1beta
NA,7e-5,ENDFB-VII.1,LEU-COMP-THERM-011-007,0.99819,TEST1,MCNP6.1.1beta
NA,7e-5,ENDFB-VII.1,LEU-COMP-THERM-011-009,0.99816,TEST1,MCNP6.1.1beta
NA,6e-5,ENDFB-VII.1,LEU-COMP-THERM-011-015,0.99633,TEST1,MCNP6.1.1beta
NA,6e-5,ENDFB-VII.1,LEU-COMP-THERM-017-001,1.00143,TEST1,MCNP6.1.1beta
NA,7e-5,ENDFB-VII.1,LEU-COMP-THERM-017-002,1.001,TEST1,MCNP6.1.1beta
NA,6e-5,ENDFB-VII.1,LEU-COMP-THERM-017-003,0.99964,TEST1,MCNP6.1.1beta
NA,6e-5,ENDFB-VII.1,LEU-COMP-THERM-017-004,0.99803,TEST1,MCNP6.1.1beta
NA,6e-5,ENDFB-VII.1,LEU-COMP-THERM-017-005,0.99989,TEST1,MCNP6.1.1beta
NA,6e-5,ENDFB-VII.1,LEU-COMP-THERM-017-006,1.00002,TEST1,MCNP6.1.1beta
NA,6e-5,ENDFB-VII.1,LEU-COMP-THERM-017-007,0.99986,TEST1,MCNP6.1.1beta
NA,6e-5,ENDFB-VII.1,LEU-COMP-THERM-017-008,0.99822,TEST1,MCNP6.1.1beta
NA,6e-5,ENDFB-VII.1,LEU-COMP-THERM-017-009,0.9977,TEST1,MCNP6.1.1beta
NA,6e-5,ENDFB-VII.1,LEU-COMP-THERM-017-010,0.99809,TEST1,MCNP6.1.1beta
NA,6e-5,ENDFB-VII.1,LEU-COMP-THERM-017-011,0.99842,TEST1,MCNP6.1.1beta
NA,7e-5,ENDFB-VII.1,LEU-COMP-THERM-017-012,0.9986,TEST1,MCNP6.1.1beta
NA,6e-5,ENDFB-VII.1,LEU-COMP-THERM-017-013,0.99881,TEST1,MCNP6.1.1beta
NA,6e-5,ENDFB-VII.1,LEU-COMP-THERM-017-014,0.99915,TEST1,MCNP6.1.1beta
NA,7e-5,ENDFB-VII.1,LEU-COMP-THERM-017-015,0.99742,TEST1,MCNP6.1.1beta
NA,7e-5,ENDFB-VII.1,LEU-COMP-THERM-017-016,0.99864,TEST1,MCNP6.1.1beta
NA,7e-5,ENDFB-VII.1,LEU-COMP-THERM-017-017,1.0001,TEST1,MCNP6.1.1beta
NA,7e-5,ENDFB-VII.1,LEU-COMP-THERM-017-018,0.99867,TEST1,MCNP6.1.1beta
NA,7e-5,ENDFB-VII.1,LEU-COMP-THERM-017-019,0.99923,TEST1,MCNP6.1.1beta
NA,7e-5,ENDFB-VII.1,LEU-COMP-THERM-017-020,0.99829,TEST1,MCNP6.1.1beta
NA,7e-5,ENDFB-VII.1,LEU-COMP-THERM-017-021,0.99842,TEST1,MCNP6.1.1beta
NA,7e-5,ENDFB-VII.1,LEU-COMP-THERM-017-022,0.99781,TEST1,MCNP6.1.1beta
NA,7e-5,ENDFB-VII.1,LEU-COMP-THERM-017-023,0.99973,TEST1,MCNP6.1.1beta
NA,7e-5,ENDFB-VII.1,LEU-COMP-THERM-017-024,1.00051,TEST1,MCNP6.1.1beta
NA,7e-5,ENDFB-VII.1,LEU-COMP-THERM-017-025,0.99849,TEST1,MCNP6.1.1beta
NA,7e-5,ENDFB-VII.1,LEU-COMP-THERM-017-026,0.9965,TEST1,MCNP6.1.1beta
NA,6e-5,ENDFB-VII.1,LEU-COMP-THERM-017-027,0.99841,TEST1,MCNP6.1.1beta
NA,6e-5,ENDFB-VII.1,LEU-COMP-THERM-017-028,0.99915,TEST1,MCNP6.1.1beta
NA,6e-5,ENDFB-VII.1,LEU-COMP-THERM-017-029,0.9995,TEST1,MCNP6.1.1beta
NA,8e-5,ENDFB-VII.1,LEU-COMP-THERM-022-001,1.00278,TEST1,MCNP6.1.1beta
NA,8e-5,ENDFB-VII.1,LEU-COMP-THERM-022-002,1.00703,TEST1,MCNP6.1.1beta
NA,8e-5,ENDFB-VII.1,LEU-COMP-THERM-022-003,1.00769,TEST1,MCNP6.1.1beta
NA,8e-5,ENDFB-VII.1,LEU-COMP-THERM-022-004,1.00806,TEST1,MCNP6.1.1beta
NA,7e-5,ENDFB-VII.1,LEU-COMP-THERM-022-005,1.00344,TEST1,MCNP6.1.1beta
NA,6e-5,ENDFB-VII.1,LEU-COMP-THERM-022-006,1.0016,TEST1,MCNP6.1.1beta
NA,7e-5,ENDFB-VII.1,LEU-COMP-THERM-022-007,1.00395,TEST1,MCNP6.1.1beta
NA,8e-5,ENDFB-VII.1,LEU-COMP-THERM-024-001,1.00113,TEST1,MCNP6.1.1beta
NA,8e-5,ENDFB-VII.1,LEU-COMP-THERM-024-002,1.00892,TEST1,MCNP6.1.1beta
NA,8e-5,ENDFB-VII.1,LEU-COMP-THERM-025-001,0.98833,TEST1,MCNP6.1.1beta
NA,8e-5,ENDFB-VII.1,LEU-COMP-THERM-025-002,0.99584,TEST1,MCNP6.1.1beta
NA,4.2e-4,ENDFB-VII.1,LEU-COMP-THERM-025-003,1.00064,TEST1,MCNP6.1.1beta
NA,7e-5,ENDFB-VII.1,LEU-COMP-THERM-025-004,1.00256,TEST1,MCNP6.1.1beta
NA,8e-5,ENDFB-VII.1,LEU-COMP-THERM-027-001,1.00418,TEST1,MCNP6.1.1beta
NA,8e-5,ENDFB-VII.1,LEU-COMP-THERM-027-002,1.00663,TEST1,MCNP6.1.1beta
NA,8e-5,ENDFB-VII.1,LEU-COMP-THERM-027-003,1.00703,TEST1,MCNP6.1.1beta
NA,8e-5,ENDFB-VII.1,LEU-COMP-THERM-027-004,1.00923,TEST1,MCNP6.1.1beta
NA,7e-5,ENDFB-VII.1,LEU-COMP-THERM-028-001,0.99804,TEST1,MCNP6.1.1beta
NA,7e-5,ENDFB-VII.1,LEU-COMP-THERM-028-002,0.99928,TEST1,MCNP6.1.1beta
NA,7e-5,ENDFB-VII.1,LEU-COMP-THERM-028-003,0.99889,TEST1,MCNP6.1.1beta
NA,7e-5,ENDFB-VII.1,LEU-COMP-THERM-028-004,1.00122,TEST1,MCNP6.1.1beta
NA,7e-5,ENDFB-VII.1,LEU-COMP-THERM-028-005,0.99974,TEST1,MCNP6.1.1beta
NA,7e-5,ENDFB-VII.1,LEU-COMP-THERM-028-006,1.00099,TEST1,MCNP6.1.1beta
NA,7e-5,ENDFB-VII.1,LEU-COMP-THERM-028-007,0.99618,TEST1,MCNP6.1.1beta
NA,8e-5,ENDFB-VII.1,LEU-COMP-THERM-028-008,0.99429,TEST1,MCNP6.1.1beta
NA,7e-5,ENDFB-VII.1,LEU-COMP-THERM-028-009,0.99262,TEST1,MCNP6.1.1beta
NA,7e-5,ENDFB-VII.1,LEU-COMP-THERM-028-010,0.99743,TEST1,MCNP6.1.1beta
NA,7e-5,ENDFB-VII.1,LEU-COMP-THERM-028-011,0.99804,TEST1,MCNP6.1.1beta
NA,7e-5,ENDFB-VII.1,LEU-COMP-THERM-028-012,0.99633,TEST1,MCNP6.1.1beta
NA,7e-5,ENDFB-VII.1,LEU-COMP-THERM-028-013,0.99504,TEST1,MCNP6.1.1beta
NA,7e-5,ENDFB-VII.1,LEU-COMP-THERM-028-014,0.99289,TEST1,MCNP6.1.1beta
NA,6e-5,ENDFB-VII.1,LEU-COMP-THERM-028-015,0.99775,TEST1,MCNP6.1.1beta
NA,7e-5,ENDFB-VII.1,LEU-COMP-THERM-028-016,0.99821,TEST1,MCNP6.1.1beta
NA,6e-5,ENDFB-VII.1,LEU-COMP-THERM-028-017,0.99833,TEST1,MCNP6.1.1beta
NA,6e-5,ENDFB-VII.1,LEU-COMP-THERM-028-018,0.99877,TEST1,MCNP6.1.1beta
NA,7e-5,ENDFB-VII.1,LEU-COMP-THERM-028-019,0.99807,TEST1,MCNP6.1.1beta
NA,7e-5,ENDFB-VII.1,LEU-COMP-THERM-028-020,0.9959,TEST1,MCNP6.1.1beta
NA,7e-5,ENDFB-VII.1,LEU-COMP-THERM-035-001,0.99997,TEST1,MCNP6.1.1beta
NA,7e-5,ENDFB-VII.1,LEU-COMP-THERM-035-002,0.99891,TEST1,MCNP6.1.1beta
NA,7e-5,ENDFB-VII.1,LEU-COMP-THERM-035-003,0.99524,TEST1,MCNP6.1.1beta
NA,8e-5,ENDFB-VII.1,LEU-COMP-THERM-039-001,0.99712,TEST1,MCNP6.1.1beta
NA,8e-5,ENDFB-VII.1,LEU-COMP-THERM-039-002,0.99807,TEST1,MCNP6.1.1beta
NA,8e-5,ENDFB-VII.1,LEU-COMP-THERM-039-003,0.99713,TEST1,MCNP6.1.1beta
NA,8e-5,ENDFB-VII.1,LEU-COMP-THERM-039-004,0.99639,TEST1,MCNP6.1.1beta
NA,8e-5,ENDFB-VII.1,LEU-COMP-THERM-039-005,0.9976,TEST1,MCNP6.1.1beta
NA,8e-5,ENDFB-VII.1,LEU-COMP-THERM-039-006,0.99719,TEST1,MCNP6.1.1beta
NA,8e-5,ENDFB-VII.1,LEU-COMP-THERM-039-007,0.99716,TEST1,MCNP6.1.1beta
NA,8e-5,ENDFB-VII.1,LEU-COMP-THERM-039-008,0.9971,TEST1,MCNP6.1.1beta
NA,8e-5,ENDFB-VII.1,LEU-COMP-THERM-039-009,0.99687,TEST1,MCNP6.1.1beta
NA,8e-5,ENDFB-VII.1,LEU-COMP-THERM-039-010,0.99752,TEST1,MCNP6.1.1beta
NA,7e-5,ENDFB-VII.1,LEU-COMP-THERM-042-001,0.99816,TEST1,MCNP6.1.1beta
NA,7e-5,ENDFB-VII.1,LEU-COMP-THERM-042-002,0.99804,TEST1,MCNP6.1.1beta
NA,7e-5,ENDFB-VII.1,LEU-COMP-THERM-042-003,0.99897,TEST1,MCNP6.1.1beta
NA,7e-5,ENDFB-VII.1,LEU-COMP-THERM-042-004,0.99838,TEST1,MCNP6.1.1beta
NA,7e-5,ENDFB-VII.1,LEU-COMP-THERM-042-005,0.9993,TEST1,MCNP6.1.1beta
NA,7e-5,ENDFB-VII.1,LEU-COMP-THERM-042-006,0.99937,TEST1,MCNP6.1.1beta
NA,7e-5,ENDFB-VII.1,LEU-COMP-THERM-042-007,0.99776,TEST1,MCNP6.1.1beta
Detailed Model,6e-5,ENDFB-VII.1,LEU-COMP-THERM-060-001,0.99899,TEST1,MCNP6.1.1beta
Detailed Model,7e-5,ENDFB-VII.1,LEU-COMP-THERM-060-002,0.99756,TEST1,MCNP6.1.1beta
Detailed Model,6e-5,ENDFB-VII.1,LEU-COMP-THERM-060-003,0.99993,TEST1,MCNP6.1.1beta
Detailed Model,7e-5,ENDFB-VII.1,LEU-COMP-THERM-060-004,0.99938,TEST1,MCNP6.1.1beta
Detailed Model,7e-5,ENDFB-VII.1,LEU-COMP-THERM-060-005,1.00144,TEST1,MCNP6.1.1beta
Detailed Model,7e-5,ENDFB-VII.1,LEU-COMP-THERM-060-006,0.98864,TEST1,MCNP6.1.1beta
NA,8e-5,ENDFB-VII.1,LEU-COMP-THERM-078-001,0.998,TEST1,MCNP6.1.1beta
NA,8e-5,ENDFB-VII.1,LEU-COMP-THERM-078-002,0.99846,TEST1,MCNP6.1.1beta
NA,8e-5,ENDFB-VII.1,LEU-COMP-THERM-078-003,0.99748,TEST1,MCNP6.1.1beta
NA,8e-5,ENDFB-VII.1,LEU-COMP-THERM-078-004,0.99717,TEST1,MCNP6.1.1beta
NA,8e-5,ENDFB-VII.1,LEU-COMP-THERM-078-005,0.99688,TEST1,MCNP6.1.1beta
NA,9e-5,ENDFB-VII.1,LEU-COMP-THERM-078-006,0.99608,TEST1,MCNP6.1.1beta
NA,8e-5,ENDFB-VII.1,LEU-COMP-THERM-078-007,0.99788,TEST1,MCNP6.1.1beta
NA,8e-5,ENDFB-VII.1,LEU-COMP-THERM-078-008,0.99719,TEST1,MCNP6.1.1beta
NA,8e-5,ENDFB-VII.1,LEU-COMP-THERM-078-009,0.99649,TEST1,MCNP6.1.1beta
NA,8e-5,ENDFB-VII.1,LEU-COMP-THERM-078-010,0.99525,TEST1,MCNP6.1.1beta
NA,8e-5,ENDFB-VII.1,LEU-COMP-THERM-078-011,0.998,TEST1,MCNP6.1.1beta
NA,8e-5,ENDFB-VII.1,LEU-COMP-THERM-078-012,0.99782,TEST1,MCNP6.1.1beta
NA,8e-5,ENDFB-VII.1,LEU-COMP-THERM-078-013,0.99777,TEST1,MCNP6.1.1beta
NA,8e-5,ENDFB-VII.1,LEU-COMP-THERM-078-014,0.99769,TEST1,MCNP6.1.1beta
NA,8e-5,ENDFB-VII.1,LEU-COMP-THERM-078-015,0.99866,TEST1,MCNP6.1.1beta
NA,8e-5,ENDFB-VII.1,LEU-COMP-THERM-079-001,0.99821,TEST1,MCNP6.1.1beta
NA,8e-5,ENDFB-VII.1,LEU-COMP-THERM-079-002,0.99861,TEST1,MCNP6.1.1beta
NA,8e-5,ENDFB-VII.1,LEU-COMP-THERM-079-003,0.99906,TEST1,MCNP6.1.1beta
NA,8e-5,ENDFB-VII.1,LEU-COMP-THERM-079-004,0.99936,TEST1,MCNP6.1.1beta
NA,8e-5,ENDFB-VII.1,LEU-COMP-THERM-079-005,0.99947,TEST1,MCNP6.1.1beta
NA,7e-5,ENDFB-VII.1,LEU-COMP-THERM-079-006,0.99846,TEST1,MCNP6.1.1beta
NA,7e-5,ENDFB-VII.1,LEU-COMP-THERM-079-007,0.99791,TEST1,MCNP6.1.1beta
NA,8e-5,ENDFB-VII.1,LEU-COMP-THERM-079-008,0.99881,TEST1,MCNP6.1.1beta
NA,7e-5,ENDFB-VII.1,LEU-COMP-THERM-079-009,0.99856,TEST1,MCNP6.1.1beta
NA,7e-5,ENDFB-VII.1,LEU-COMP-THERM-079-010,0.99959,TEST1,MCNP6.1.1beta
NA,8e-5,ENDFB-VII.1,LEU-COMP-THERM-080-001,0.99581,TEST1,MCNP6.1.1beta
NA,8e-5,ENDFB-VII.1,LEU-COMP-THERM-080-002,0.99641,TEST1,MCNP6.1.1beta
NA,8e-5,ENDFB-VII.1,LEU-COMP-THERM-080-003,0.99663,TEST1,MCNP6.1.1beta
NA,8e-5,ENDFB-VII.1,LEU-COMP-THERM-080-004,0.99633,TEST1,MCNP6.1.1beta
NA,8e-5,ENDFB-VII.1,LEU-COMP-THERM-080-005,0.99626,TEST1,MCNP6.1.1beta
NA,8e-5,ENDFB-VII.1,LEU-COMP-THERM-080-006,0.99559,TEST1,MCNP6.1.1beta
NA,8e-5,ENDFB-VII.1,LEU-COMP-THERM-080-007,0.99766,TEST1,MCNP6.1.1beta
NA,8e-5,ENDFB-VII.1,LEU-COMP-THERM-080-008,0.99713,TEST1,MCNP6.1.1beta
NA,8e-5,ENDFB-VII.1,LEU-COMP-THERM-080-009,0.99648,TEST1,MCNP6.1.1beta
NA,8e-5,ENDFB-VII.1,LEU-COMP-THERM-080-010,0.99584,TEST1,MCNP6.1.1beta
NA,8e-5,ENDFB-VII.1,LEU-COMP-THERM-080-011,0.99729,TEST1,MCNP6.1.1beta
NA,7e-5,ENDFB-VII.1,LEU-SOL-THERM-004-001,1.00036,TEST1,MCNP6.1.1beta
NA,7e-5,ENDFB-VII.1,LEU-SOL-THERM-004-002,1.00165,TEST1,MCNP6.1.1beta
NA,6e-5,ENDFB-VII.1,LEU-SOL-THERM-004-003,0.9896,TEST1,MCNP6.1.1beta
NA,6e-5,ENDFB-VII.1,LEU-SOL-THERM-004-004,1.00195,TEST1,MCNP6.1.1beta
NA,6e-5,ENDFB-VII.1,LEU-SOL-THERM-004-005,1.00196,TEST1,MCNP6.1.1beta
NA,6e-5,ENDFB-VII.1,LEU-SOL-THERM-004-006,1.00106,TEST1,MCNP6.1.1beta
NA,5e-5,ENDFB-VII.1,LEU-SOL-THERM-004-007,1.00144,TEST1,MCNP6.1.1beta
NA,7e-5,ENDFB-VII.1,LEU-SOL-THERM-007-001,0.99496,TEST1,MCNP6.1.1beta
NA,7e-5,ENDFB-VII.1,LEU-SOL-THERM-007-002,0.99722,TEST1,MCNP6.1.1beta
NA,6e-5,ENDFB-VII.1,LEU-SOL-THERM-007-003,0.99605,TEST1,MCNP6.1.1beta
NA,6e-5,ENDFB-VII.1,LEU-SOL-THERM-007-004,0.99864,TEST1,MCNP6.1.1beta
NA,6e-5,ENDFB-VII.1,LEU-SOL-THERM-007-005,0.99751,TEST1,MCNP6.1.1beta
NA,6e-5,ENDFB-VII.1,LEU-SOL-THERM-020-001,0.99989,TEST1,MCNP6.1.1beta
NA,6e-5,ENDFB-VII.1,LEU-SOL-THERM-020-002,0.99953,TEST1,MCNP6.1.1beta
NA,5e-5,ENDFB-VII.1,LEU-SOL-THERM-020-003,0.99886,TEST1,MCNP6.1.1beta
NA,5e-5,ENDFB-VII.1,LEU-SOL-THERM-020-004,1.00004,TEST1,MCNP6.1.1beta
NA,6e-5,ENDFB-VII.1,LEU-SOL-THERM-021-001,0.99787,TEST1,MCNP6.1.1beta
NA,6e-5,ENDFB-VII.1,LEU-SOL-THERM-021-002,0.99828,TEST1,MCNP6.1.1beta
NA,5e-5,ENDFB-VII.1,LEU-SOL-THERM-021-003,0.99758,TEST1,MCNP6.1.1beta
NA,5e-5,ENDFB-VII.1,LEU-SOL-THERM-021-004,0.99948,TEST1,MCNP6.1.1beta
NA,5e-5,ENDFB-VII.1,MIX-COMP-FAST-001-001,0.98726,TEST1,MCNP6.1.1beta
NA,5e-5,ENDFB-VII.1,MIX-COMP-FAST-002-001,0.98564,TEST1,MCNP6.1.1beta
NA,5e-5,ENDFB-VII.1,MIX-COMP-FAST-003-001,0.9825,TEST1,MCNP6.1.1beta
NA,6e-5,ENDFB-VII.1,MIX-COMP-FAST-004-001,0.99675,TEST1,MCNP6.1.1beta
NA,5e-5,ENDFB-VII.1,MIX-COMP-FAST-005-001,0.98718,TEST1,MCNP6.1.1beta
NA,5e-5,ENDFB-VII.1,MIX-COMP-FAST-006-001,0.99134,TEST1,MCNP6.1.1beta
NA,6e-5,ENDFB-VII.1,MIX-MET-FAST-001-001,0.99951,TEST1,MCNP6.1.1beta
NA,7e-5,ENDFB-VII.1,MIX-MET-FAST-002-001,1.00536,TEST1,MCNP6.1.1beta
NA,7e-5,ENDFB-VII.1,MIX-MET-FAST-002-002,1.00526,TEST1,MCNP6.1.1beta
NA,7e-5,ENDFB-VII.1,MIX-MET-FAST-002-003,1.00539,TEST1,MCNP6.1.1beta
NA,6e-5,ENDFB-VII.1,MIX-MET-FAST-003-001,1.00059,TEST1,MCNP6.1.1beta
NA,6e-5,ENDFB-VII.1,MIX-MET-FAST-004-001,1.00032,TEST1,MCNP6.1.1beta
NA,6e-5,ENDFB-VII.1,MIX-MET-FAST-004-002,0.99952,TEST1,MCNP6.1.1beta
NA,6e-5,ENDFB-VII.1,MIX-MET-FAST-005-001,1.00384,TEST1,MCNP6.1.1beta
NA,8e-5,ENDFB-VII.1,MIX-MET-FAST-007-001,1.00338,TEST1,MCNP6.1.1beta
NA,8e-5,ENDFB-VII.1,MIX-MET-FAST-007-002,1.00801,TEST1,MCNP6.1.1beta
NA,7e-5,ENDFB-VII.1,MIX-MET-FAST-007-003,1.00637,TEST1,MCNP6.1.1beta
NA,7e-5,ENDFB-VII.1,MIX-MET-FAST-007-004,1.00523,TEST1,MCNP6.1.1beta
NA,7e-5,ENDFB-VII.1,MIX-MET-FAST-007-005,1.00262,TEST1,MCNP6.1.1beta
NA,7e-5,ENDFB-VII.1,MIX-MET-FAST-007-006,1.00104,TEST1,MCNP6.1.1beta
NA,8e-5,ENDFB-VII.1,MIX-MET-FAST-007-007,1.00614,TEST1,MCNP6.1.1beta
NA,8e-5,ENDFB-VII.1,MIX-MET-FAST-007-008,1.00506,TEST1,MCNP6.1.1beta
NA,7e-5,ENDFB-VII.1,MIX-MET-FAST-007-009,1.0051,TEST1,MCNP6.1.1beta
NA,7e-5,ENDFB-VII.1,MIX-MET-FAST-007-010,1.00503,TEST1,MCNP6.1.1beta
NA,7e-5,ENDFB-VII.1,MIX-MET-FAST-007-011,1.00363,TEST1,MCNP6.1.1beta
NA,7e-5,ENDFB-VII.1,MIX-MET-FAST-007-012,1.00252,TEST1,MCNP6.1.1beta
NA,6e-5,ENDFB-VII.1,MIX-MET-FAST-007-013,1.00091,TEST1,MCNP6.1.1beta
NA,7e-5,ENDFB-VII.1,MIX-MET-FAST-007-014,1.00783,TEST1,MCNP6.1.1beta
NA,7e-5,ENDFB-VII.1,MIX-MET-FAST-007-015,1.00764,TEST1,MCNP6.1.1beta
NA,7e-5,ENDFB-VII.1,MIX-MET-FAST-007-016,1.006,TEST1,MCNP6.1.1beta
NA,7e-5,ENDFB-VII.1,MIX-MET-FAST-007-017,1.00591,TEST1,MCNP6.1.1beta
NA,6e-5,ENDFB-VII.1,MIX-MET-FAST-007-018,1.00774,TEST1,MCNP6.1.1beta
NA,6e-5,ENDFB-VII.1,MIX-MET-FAST-007-019,1.00697,TEST1,MCNP6.1.1beta
NA,6e-5,ENDFB-VII.1,MIX-MET-FAST-007-020,1.005,TEST1,MCNP6.1.1beta
NA,6e-5,ENDFB-VII.1,MIX-MET-FAST-007-021,1.00489,TEST1,MCNP6.1.1beta
NA,6e-5,ENDFB-VII.1,MIX-MET-FAST-007-022,1.004,TEST1,MCNP6.1.1beta
NA,6e-5,ENDFB-VII.1,MIX-MET-FAST-007-023,1.00333,TEST1,MCNP6.1.1beta
NA,6e-5,ENDFB-VII.1,MIX-MET-FAST-009-001,1.00023,TEST1,MCNP6.1.1beta
NA,6e-5,ENDFB-VII.1,MIX-MET-FAST-010-001,0.99983,TEST1,MCNP6.1.1beta
NA,7e-5,ENDFB-VII.1,MIX-MET-FAST-011-001,0.99076,TEST1,MCNP6.1.1beta
NA,7e-5,ENDFB-VII.1,MIX-MET-FAST-011-002,0.9969,TEST1,MCNP6.1.1beta
NA,7e-5,ENDFB-VII.1,MIX-MET-FAST-011-003,1.00131,TEST1,MCNP6.1.1beta
NA,7e-5,ENDFB-VII.1,MIX-MET-FAST-011-004,1.00311,TEST1,MCNP6.1.1beta
NA,7e-5,ENDFB-VII.1,MIX-MET-INTER-003-001,0.97306,TEST1,MCNP6.1.1beta
NA,6e-5,ENDFB-VII.1,MIX-MET-INTER-004-001,0.98206,TEST1,MCNP6.1.1beta
NA,9e-5,ENDFB-VII.1,MIX-MET-MIXED-001-001,0.99972,TEST1,MCNP6.1.1beta
Detailed Model,6e-5,ENDFB-VII.1,PU-MET-FAST-001-001,1.00069,TEST1,MCNP6.1.1beta
NA,6e-5,ENDFB-VII.1,PU-MET-FAST-002-001,1.00003,TEST1,MCNP6.1.1beta
NA,6e-5,ENDFB-VII.1,PU-MET-FAST-005-001,1.00112,TEST1,MCNP6.1.1beta
NA,7e-5,ENDFB-VII.1,PU-MET-FAST-006-001,1.00093,TEST1,MCNP6.1.1beta
NA,6e-5,ENDFB-VII.1,PU-MET-FAST-008-001,0.99759,TEST1,MCNP6.1.1beta
NA,6e-5,ENDFB-VII.1,PU-MET-FAST-009-001,1.00515,TEST1,MCNP6.1.1beta
NA,6e-5,ENDFB-VII.1,PU-MET-FAST-010-001,0.99956,TEST1,MCNP6.1.1beta
NA,7e-5,ENDFB-VII.1,PU-MET-FAST-011-001,1.00005,TEST1,MCNP6.1.1beta
NA,7e-5,ENDFB-VII.1,PU-MET-FAST-012-001,1.00315,TEST1,MCNP6.1.1beta
NA,7e-5,ENDFB-VII.1,PU-MET-FAST-013-001,1.00332,TEST1,MCNP6.1.1beta
NA,7e-5,ENDFB-VII.1,PU-MET-FAST-014-001,0.99762,TEST1,MCNP6.1.1beta
NA,6e-5,ENDFB-VII.1,PU-MET-FAST-015-001,1.00006,TEST1,MCNP6.1.1beta
NA,8e-5,ENDFB-VII.1,PU-MET-FAST-016-001,1.01766,TEST1,MCNP6.1.1beta
NA,8e-5,ENDFB-VII.1,PU-MET-FAST-016-002,1.00709,TEST1,MCNP6.1.1beta
NA,7e-5,ENDFB-VII.1,PU-MET-FAST-016-003,1.00537,TEST1,MCNP6.1.1beta
NA,8e-5,ENDFB-VII.1,PU-MET-FAST-016-004,1.00473,TEST1,MCNP6.1.1beta
NA,8e-5,ENDFB-VII.1,PU-MET-FAST-016-005,1.00446,TEST1,MCNP6.1.1beta
NA,8e-5,ENDFB-VII.1,PU-MET-FAST-016-006,1.00686,TEST1,MCNP6.1.1beta
NA,6e-5,ENDFB-VII.1,PU-MET-FAST-018-001,0.99943,TEST1,MCNP6.1.1beta
NA,6e-5,ENDFB-VII.1,PU-MET-FAST-019-001,1.00092,TEST1,MCNP6.1.1beta
NA,6e-5,ENDFB-VII.1,PU-MET-FAST-020-001,0.99816,TEST1,MCNP6.1.1beta
NA,6e-5,ENDFB-VII.1,PU-MET-FAST-021-001,1.00457,TEST1,MCNP6.1.1beta
NA,6e-5,ENDFB-VII.1,PU-MET-FAST-021-002,0.99331,TEST1,MCNP6.1.1beta
Detailed Model,6e-5,ENDFB-VII.1,PU-MET-FAST-022-001,0.99844,TEST1,MCNP6.1.1beta
Detailed Model,6e-5,ENDFB-VII.1,PU-MET-FAST-023-001,0.9999,TEST1,MCNP6.1.1beta
Detailed Model,7e-5,ENDFB-VII.1,PU-MET-FAST-024-001,1.00175,TEST1,MCNP6.1.1beta
Detailed Model,6e-5,ENDFB-VII.1,PU-MET-FAST-025-001,0.9988,TEST1,MCNP6.1.1beta
Detailed Model,6e-5,ENDFB-VII.1,PU-MET-FAST-026-001,0.99845,TEST1,MCNP6.1.1beta
Detailed Model,8e-5,ENDFB-VII.1,PU-MET-FAST-027-001,1.00301,TEST1,MCNP6.1.1beta
Detailed Model,6e-5,ENDFB-VII.1,PU-MET-FAST-028-001,0.99896,TEST1,MCNP6.1.1beta
Detailed Model,6e-5,ENDFB-VII.1,PU-MET-FAST-029-001,0.99564,TEST1,MCNP6.1.1beta
Detailed Model,6e-5,ENDFB-VII.1,PU-MET-FAST-030-001,1.00281,TEST1,MCNP6.1.1beta
Detailed Model,7e-5,ENDFB-VII.1,PU-MET-FAST-031-001,1.00438,TEST1,MCNP6.1.1beta
Detailed Model,6e-5,ENDFB-VII.1,PU-MET-FAST-032-001,0.99862,TEST1,MCNP6.1.1beta
NA,7e-5,ENDFB-VII.1,PU-MET-FAST-033-001,0.99612,TEST1,MCNP6.1.1beta
NA,6e-5,ENDFB-VII.1,PU-MET-FAST-035-001,0.9978,TEST1,MCNP6.1.1beta
NA,6e-5,ENDFB-VII.1,PU-MET-FAST-036-001,1.00649,TEST1,MCNP6.1.1beta
Detailed Model,7e-5,ENDFB-VII.1,PU-MET-FAST-038-001,1.0025,TEST1,MCNP6.1.1beta
NA,6e-5,ENDFB-VII.1,PU-MET-FAST-039-001,0.99225,TEST1,MCNP6.1.1beta
NA,6e-5,ENDFB-VII.1,PU-MET-FAST-040-001,0.9968,TEST1,MCNP6.1.1beta
NA,7e-5,ENDFB-VII.1,PU-MET-FAST-041-001,1.00573,TEST1,MCNP6.1.1beta
NA,7e-5,ENDFB-VII.1,PU-MET-FAST-044-001,1.00057,TEST1,MCNP6.1.1beta
NA,7e-5,ENDFB-VII.1,PU-MET-FAST-044-002,0.99998,TEST1,MCNP6.1.1beta
NA,7e-5,ENDFB-VII.1,PU-MET-FAST-044-003,0.99928,TEST1,MCNP6.1.1beta
NA,7e-5,ENDFB-VII.1,PU-MET-FAST-044-004,1.00002,TEST1,MCNP6.1.1beta
NA,7e-5,ENDFB-VII.1,PU-MET-FAST-044-005,0.99927,TEST1,MCNP6.1.1beta
Simplified Model,7e-5,ENDFB-VII.1,PU-MET-FAST-045-001,1.00125,TEST1,MCNP6.1.1beta
Simplified Model,7e-5,ENDFB-VII.1,PU-MET-FAST-045-002,1.00755,TEST1,MCNP6.1.1beta
Simplified Model,7e-5,ENDFB-VII.1,PU-MET-FAST-045-003,1.00637,TEST1,MCNP6.1.1beta
Simplified Model,7e-5,ENDFB-VII.1,PU-MET-FAST-045-004,1.0068,TEST1,MCNP6.1.1beta
Simplified Model,7e-5,ENDFB-VII.1,PU-MET-FAST-045-005,1.00695,TEST1,MCNP6.1.1beta
Simplified Model,6e-5,ENDFB-VII.1,PU-MET-FAST-045-006,1.0059,TEST1,MCNP6.1.1beta
Simplified Model,7e-5,ENDFB-VII.1,PU-MET-FAST-045-007,1.00526,TEST1,MCNP6.1.1beta
NA,8e-5,ENDFB-VII.1,PU-MET-INTER-002-001,1.01483,TEST1,MCNP6.1.1beta
NA,7e-5,ENDFB-VII.1,PU-MET-INTER-003-001,0.98778,TEST1,MCNP6.1.1beta
NA,8e-5,ENDFB-VII.1,PU-MET-INTER-004-001,0.97495,TEST1,MCNP6.1.1beta
NA,9e-5,ENDFB-VII.1,PU-SOL-THERM-001-001,1.00604,TEST1,MCNP6.1.1beta
NA,9e-5,ENDFB-VII.1,PU-SOL-THERM-001-002,1.00752,TEST1,MCNP6.1.1beta
NA,9e-5,ENDFB-VII.1,PU-SOL-THERM-001-003,1.01035,TEST1,MCNP6.1.1beta
NA,9e-5,ENDFB-VII.1,PU-SOL-THERM-001-004,1.00457,TEST1,MCNP6.1.1beta
NA,9e-5,ENDFB-VII.1,PU-SOL-THERM-001-005,1.00869,TEST1,MCNP6.1.1beta
NA,9e-5,ENDFB-VII.1,PU-SOL-THERM-001-006,1.00969,TEST1,MCNP6.1.1beta
NA,9e-5,ENDFB-VII.1,PU-SOL-THERM-002-001,1.00384,TEST1,MCNP6.1.1beta
NA,9e-5,ENDFB-VII.1,PU-SOL-THERM-002-002,1.0049,TEST1,MCNP6.1.1beta
NA,8e-5,ENDFB-VII.1,PU-SOL-THERM-002-003,1.00375,TEST1,MCNP6.1.1beta
NA,9e-5,ENDFB-VII.1,PU-SOL-THERM-002-004,1.00653,TEST1,MCNP6.1.1beta
NA,9e-5,ENDFB-VII.1,PU-SOL-THERM-002-005,1.00926,TEST1,MCNP6.1.1beta
NA,9e-5,ENDFB-VII.1,PU-SOL-THERM-002-006,1.005,TEST1,MCNP6.1.1beta
NA,9e-5,ENDFB-VII.1,PU-SOL-THERM-002-007,1.00769,TEST1,MCNP6.1.1beta
NA,8e-5,ENDFB-VII.1,PU-SOL-THERM-003-001,1.00281,TEST1,MCNP6.1.1beta
NA,8e-5,ENDFB-VII.1,PU-SOL-THERM-003-002,1.00233,TEST1,MCNP6.1.1beta
NA,8e-5,ENDFB-VII.1,PU-SOL-THERM-003-003,1.00516,TEST1,MCNP6.1.1beta
NA,8e-5,ENDFB-VII.1,PU-SOL-THERM-003-004,1.00427,TEST1,MCNP6.1.1beta
NA,8e-5,ENDFB-VII.1,PU-SOL-THERM-003-005,1.00562,TEST1,MCNP6.1.1beta
NA,8e-5,ENDFB-VII.1,PU-SOL-THERM-003-006,1.00572,TEST1,MCNP6.1.1beta
NA,8e-5,ENDFB-VII.1,PU-SOL-THERM-003-007,1.0068,TEST1,MCNP6.1.1beta
NA,8e-5,ENDFB-VII.1,PU-SOL-THERM-003-008,1.00558,TEST1,MCNP6.1.1beta
NA,8e-5,ENDFB-VII.1,PU-SOL-THERM-004-001,1.00383,TEST1,MCNP6.1.1beta
NA,8e-5,ENDFB-VII.1,PU-SOL-THERM-004-002,0.99875,TEST1,MCNP6.1.1beta
NA,8e-5,ENDFB-VII.1,PU-SOL-THERM-004-003,1.00079,TEST1,MCNP6.1.1beta
NA,8e-5,ENDFB-VII.1,PU-SOL-THERM-004-004,0.99887,TEST1,MCNP6.1.1beta
NA,8e-5,ENDFB-VII.1,PU-SOL-THERM-004-005,0.99977,TEST1,MCNP6.1.1beta
NA,8e-5,ENDFB-VII.1,PU-SOL-THERM-004-006,1.0017,TEST1,MCNP6.1.1beta
NA,8e-5,ENDFB-VII.1,PU-SOL-THERM-004-007,1.00553,TEST1,MCNP6.1.1beta
NA,8e-5,ENDFB-VII.1,PU-SOL-THERM-004-008,1.00114,TEST1,MCNP6.1.1beta
NA,8e-5,ENDFB-VII.1,PU-SOL-THERM-004-009,1.00057,TEST1,MCNP6.1.1beta
NA,8e-5,ENDFB-VII.1,PU-SOL-THERM-004-010,1.0022200000000001,TEST1,MCNP6.1.1beta
NA,8e-5,ENDFB-VII.1,PU-SOL-THERM-004-011,1.00051,TEST1,MCNP6.1.1beta
NA,8e-5,ENDFB-VII.1,PU-SOL-THERM-004-012,1.00295,TEST1,MCNP6.1.1beta
NA,8e-5,ENDFB-VII.1,PU-SOL-THERM-004-013,1.0003,TEST1,MCNP6.1.1beta
NA,8e-5,ENDFB-VII.1,PU-SOL-THERM-005-001,1.00235,TEST1,MCNP6.1.1beta
NA,8e-5,ENDFB-VII.1,PU-SOL-THERM-005-002,1.00297,TEST1,MCNP6.1.1beta
NA,8e-5,ENDFB-VII.1,PU-SOL-THERM-005-003,1.0034,TEST1,MCNP6.1.1beta
NA,8e-5,ENDFB-VII.1,PU-SOL-THERM-005-004,1.00516,TEST1,MCNP6.1.1beta
NA,8e-5,ENDFB-VII.1,PU-SOL-THERM-005-005,1.00636,TEST1,MCNP6.1.1beta
NA,8e-5,ENDFB-VII.1,PU-SOL-THERM-005-006,1.00575,TEST1,MCNP6.1.1beta
NA,8e-5,ENDFB-VII.1,PU-SOL-THERM-005-007,1.00416,TEST1,MCNP6.1.1beta
NA,8e-5,ENDFB-VII.1,PU-SOL-THERM-005-008,0.99938,TEST1,MCNP6.1.1beta
NA,8e-5,ENDFB-VII.1,PU-SOL-THERM-005-009,1.00218,TEST1,MCNP6.1.1beta
NA,7e-5,ENDFB-VII.1,PU-SOL-THERM-006-001,1.00083,TEST1,MCNP6.1.1beta
NA,8e-5,ENDFB-VII.1,PU-SOL-THERM-006-002,1.00189,TEST1,MCNP6.1.1beta
NA,8e-5,ENDFB-VII.1,PU-SOL-THERM-006-003,1.00152,TEST1,MCNP6.1.1beta
NA,9e-5,ENDFB-VII.1,PU-SOL-THERM-007-002,1.00928,TEST1,MCNP6.1.1beta
NA,9e-5,ENDFB-VII.1,PU-SOL-THERM-007-003,1.00357,TEST1,MCNP6.1.1beta
NA,9e-5,ENDFB-VII.1,PU-SOL-THERM-007-005,1.00915,TEST1,MCNP6.1.1beta
NA,9e-5,ENDFB-VII.1,PU-SOL-THERM-007-006,1.00322,TEST1,MCNP6.1.1beta
NA,9e-5,ENDFB-VII.1,PU-SOL-THERM-007-007,1.00529,TEST1,MCNP6.1.1beta
NA,9e-5,ENDFB-VII.1,PU-SOL-THERM-007-008,0.99879,TEST1,MCNP6.1.1beta
Simplified Model,4e-5,ENDFB-VII.1,PU-SOL-THERM-009-003,1.01933,TEST1,MCNP6.1.1beta
NA,9e-5,ENDFB-VII.1,PU-SOL-THERM-010-001,1.01818,TEST1,MCNP6.1.1beta
NA,9e-5,ENDFB-VII.1,PU-SOL-THERM-010-002,1.01465,TEST1,MCNP6.1.1beta
NA,9e-5,ENDFB-VII.1,PU-SOL-THERM-010-003,1.0083,TEST1,MCNP6.1.1beta
NA,9e-5,ENDFB-VII.1,PU-SOL-THERM-010-004,1.01255,TEST1,MCNP6.1.1beta
NA,8e-5,ENDFB-VII.1,PU-SOL-THERM-010-005,1.01025,TEST1,MCNP6.1.1beta
NA,8e-5,ENDFB-VII.1,PU-SOL-THERM-010-006,1.00932,TEST1,MCNP6.1.1beta
NA,8e-5,ENDFB-VII.1,PU-SOL-THERM-010-007,1.00243,TEST1,MCNP6.1.1beta
NA,8e-5,ENDFB-VII.1,PU-SOL-THERM-010-008,1.00379,TEST1,MCNP6.1.1beta
NA,9e-5,ENDFB-VII.1,PU-SOL-THERM-010-009,1.01485,TEST1,MCNP6.1.1beta
NA,8e-5,ENDFB-VII.1,PU-SOL-THERM-010-010,1.00282,TEST1,MCNP6.1.1beta
NA,9e-5,ENDFB-VII.1,PU-SOL-THERM-010-011,1.00985,TEST1,MCNP6.1.1beta
NA,8e-5,ENDFB-VII.1,PU-SOL-THERM-010-012,1.00968,TEST1,MCNP6.1.1beta
NA,8e-5,ENDFB-VII.1,PU-SOL-THERM-010-013,1.01588,TEST1,MCNP6.1.1beta
NA,8e-5,ENDFB-VII.1,PU-SOL-THERM-010-014,1.00969,TEST1,MCNP6.1.1beta
NA,6e-5,ENDFB-VII.1,PU-SOL-THERM-012-001,1.0056,TEST1,MCNP6.1.1beta
NA,6e-5,ENDFB-VII.1,PU-SOL-THERM-012-002,1.0060500000000001,TEST1,MCNP6.1.1beta
NA,6e-5,ENDFB-VII.1,PU-SOL-THERM-012-003,1.00717,TEST1,MCNP6.1.1beta
NA,5e-5,ENDFB-VII.1,PU-SOL-THERM-012-004,1.00766,TEST1,MCNP6.1.1beta
NA,5e-5,ENDFB-VII.1,PU-SOL-THERM-012-005,1.00966,TEST1,MCNP6.1.1beta
NA,9e-5,ENDFB-VII.1,PU-SOL-THERM-012-006,1.00669,TEST1,MCNP6.1.1beta
NA,9e-5,ENDFB-VII.1,PU-SOL-THERM-012-007,1.00539,TEST1,MCNP6.1.1beta
NA,8e-5,ENDFB-VII.1,PU-SOL-THERM-012-008,1.00428,TEST1,MCNP6.1.1beta
NA,8e-5,ENDFB-VII.1,PU-SOL-THERM-012-009,1.00981,TEST1,MCNP6.1.1beta
NA,7e-5,ENDFB-VII.1,PU-SOL-THERM-012-010,1.00403,TEST1,MCNP6.1.1beta
NA,7e-5,ENDFB-VII.1,PU-SOL-THERM-012-011,1.00671,TEST1,MCNP6.1.1beta
NA,6e-5,ENDFB-VII.1,PU-SOL-THERM-012-012,1.00691,TEST1,MCNP6.1.1beta
NA,5e-5,ENDFB-VII.1,PU-SOL-THERM-012-013,1.0096,TEST1,MCNP6.1.1beta
NA,9e-5,ENDFB-VII.1,PU-SOL-THERM-018-001,1.0085,TEST1,MCNP6.1.1beta
NA,9e-5,ENDFB-VII.1,PU-SOL-THERM-018-002,1.01159,TEST1,MCNP6.1.1beta
NA,8e-5,ENDFB-VII.1,PU-SOL-THERM-018-003,1.00928,TEST1,MCNP6.1.1beta
NA,8e-5,ENDFB-VII.1,PU-SOL-THERM-018-004,1.00752,TEST1,MCNP6.1.1beta
NA,8e-5,ENDFB-VII.1,PU-SOL-THERM-018-005,1.00644,TEST1,MCNP6.1.1beta
NA,8e-5,ENDFB-VII.1,PU-SOL-THERM-018-006,1.00467,TEST1,MCNP6.1.1beta
NA,8e-5,ENDFB-VII.1,PU-SOL-THERM-018-007,1.00388,TEST1,MCNP6.1.1beta
NA,7e-5,ENDFB-VII.1,PU-SOL-THERM-018-008,1.00368,TEST1,MCNP6.1.1beta
NA,7e-5,ENDFB-VII.1,PU-SOL-THERM-018-009,1.00193,TEST1,MCNP6.1.1beta
NA,9e-5,ENDFB-VII.1,PU-SOL-THERM-022-001,0.99973,TEST1,MCNP6.1.1beta
NA,9e-5,ENDFB-VII.1,PU-SOL-THERM-022-002,1.00205,TEST1,MCNP6.1.1beta
NA,9e-5,ENDFB-VII.1,PU-SOL-THERM-022-003,1.00093,TEST1,MCNP6.1.1beta
NA,8e-5,ENDFB-VII.1,PU-SOL-THERM-022-004,1.00133,TEST1,MCNP6.1.1beta
NA,8e-5,ENDFB-VII.1,PU-SOL-THERM-022-005,1.00216,TEST1,MCNP6.1.1beta
NA,8e-5,ENDFB-VII.1,PU-SOL-THERM-022-006,1.0028,TEST1,MCNP6.1.1beta
NA,8e-5,ENDFB-VII.1,PU-SOL-THERM-022-007,1.00423,TEST1,MCNP6.1.1beta
NA,7e-5,ENDFB-VII.1,PU-SOL-THERM-022-008,1.00491,TEST1,MCNP6.1.1beta
NA,7e-5,ENDFB-VII.1,PU-SOL-THERM-022-009,1.00366,TEST1,MCNP6.1.1beta
Detailed Model,9e-5,ENDFB-VII.1,PU-SOL-THERM-028-001,1.00777,TEST1,MCNP6.1.1beta
Detailed Model,9e-5,ENDFB-VII.1,PU-SOL-THERM-028-002,1.00729,TEST1,MCNP6.1.1beta
Detailed Model,9e-5,ENDFB-VII.1,PU-SOL-THERM-028-003,1.00893,TEST1,MCNP6.1.1beta
Detailed Model,8e-5,ENDFB-VII.1,PU-SOL-THERM-028-004,1.00866,TEST1,MCNP6.1.1beta
Detailed Model,8e-5,ENDFB-VII.1,PU-SOL-THERM-028-005,1.00985,TEST1,MCNP6.1.1beta
Detailed Model,8e-5,ENDFB-VII.1,PU-SOL-THERM-028-006,1.01105,TEST1,MCNP6.1.1beta
Detailed Model,9e-5,ENDFB-VII.1,PU-SOL-THERM-028-007,1.00814,TEST1,MCNP6.1.1beta
Detailed Model,8e-5,ENDFB-VII.1,PU-SOL-THERM-028-008,1.00803,TEST1,MCNP6.1.1beta
Detailed Model,8e-5,ENDFB-VII.1,PU-SOL-THERM-028-009,1.01004,TEST1,MCNP6.1.1beta
Detailed Model,9e-5,ENDFB-VII.1,PU-SOL-THERM-032-001,0.9959,TEST1,MCNP6.1.1beta
Detailed Model,9e-5,ENDFB-VII.1,PU-SOL-THERM-032-002,1.00142,TEST1,MCNP6.1.1beta
Detailed Model,8e-5,ENDFB-VII.1,PU-SOL-THERM-032-003,1.00281,TEST1,MCNP6.1.1beta
Detailed Model,8e-5,ENDFB-VII.1,PU-SOL-THERM-032-004,1.00247,TEST1,MCNP6.1.1beta
Detailed Model,8e-5,ENDFB-VII.1,PU-SOL-THERM-032-005,1.00455,TEST1,MCNP6.1.1beta
Detailed Model,8e-5,ENDFB-VII.1,PU-SOL-THERM-032-006,1.00455,TEST1,MCNP6.1.1beta
Detailed Model,8e-5,ENDFB-VII.1,PU-SOL-THERM-032-007,1.00524,TEST1,MCNP6.1.1beta
Detailed Model,7e-5,ENDFB-VII.1,PU-SOL-THERM-032-008,1.00452,TEST1,MCNP6.1.1beta
Detailed Model,7e-5,ENDFB-VII.1,PU-SOL-THERM-032-009,1.00317,TEST1,MCNP6.1.1beta
Detailed Model,7e-5,ENDFB-VII.1,PU-SOL-THERM-032-010,1.00518,TEST1,MCNP6.1.1beta
Detailed Model,7e-5,ENDFB-VII.1,PU-SOL-THERM-032-011,1.00458,TEST1,MCNP6.1.1beta
Detailed Model,7e-5,ENDFB-VII.1,PU-SOL-THERM-032-012,1.00367,TEST1,MCNP6.1.1beta
Detailed Model,8e-5,ENDFB-VII.1,PU-SOL-THERM-032-013,1.00236,TEST1,MCNP6.1.1beta
Detailed Model,8e-5,ENDFB-VII.1,PU-SOL-THERM-032-014,1.00196,TEST1,MCNP6.1.1beta
Detailed Model,8e-5,ENDFB-VII.1,PU-SOL-THERM-032-015,1.00403,TEST1,MCNP6.1.1beta
Detailed Model,8e-5,ENDFB-VII.1,PU-SOL-THERM-032-016,1.0038,TEST1,MCNP6.1.1beta
Detailed Model,8e-5,ENDFB-VII.1,PU-SOL-THERM-032-017,1.0039,TEST1,MCNP6.1.1beta
NA,9e-5,ENDFB-VII.1,PU-SOL-THERM-034-001,1.00006,TEST1,MCNP6.1.1beta
NA,9e-5,ENDFB-VII.1,PU-SOL-THERM-034-002,1.00165,TEST1,MCNP6.1.1beta
NA,8e-5,ENDFB-VII.1,PU-SOL-THERM-034-003,0.99953,TEST1,MCNP6.1.1beta
NA,8e-5,ENDFB-VII.1,PU-SOL-THERM-034-004,1.00259,TEST1,MCNP6.1.1beta
NA,8e-5,ENDFB-VII.1,PU-SOL-THERM-034-005,0.99995,TEST1,MCNP6.1.1beta
NA,7e-5,ENDFB-VII.1,PU-SOL-THERM-034-006,1.00124,TEST1,MCNP6.1.1beta
NA,8e-5,ENDFB-VII.1,PU-SOL-THERM-034-007,0.99861,TEST1,MCNP6.1.1beta
NA,8e-5,ENDFB-VII.1,PU-SOL-THERM-034-008,0.99911,TEST1,MCNP6.1.1beta
NA,8e-5,ENDFB-VII.1,PU-SOL-THERM-034-009,0.99774,TEST1,MCNP6.1.1beta
NA,8e-5,ENDFB-VII.1,PU-SOL-THERM-034-010,0.99732,TEST1,MCNP6.1.1beta
NA,8e-5,ENDFB-VII.1,PU-SOL-THERM-034-011,0.99877,TEST1,MCNP6.1.1beta
NA,8e-5,ENDFB-VII.1,PU-SOL-THERM-034-012,0.99853,TEST1,MCNP6.1.1beta
NA,8e-5,ENDFB-VII.1,PU-SOL-THERM-034-013,0.99704,TEST1,MCNP6.1.1beta
NA,8e-5,ENDFB-VII.1,PU-SOL-THERM-034-014,0.99689,TEST1,MCNP6.1.1beta
NA,8e-5,ENDFB-VII.1,PU-SOL-THERM-034-015,0.99729,TEST1,MCNP6.1.1beta
NA,6e-5,ENDFB-VII.1,PU-SOL-THERM-038-001,1.00312,TEST1,MCNP6.1.1beta
NA,6e-5,ENDFB-VII.1,PU-SOL-THERM-038-002,1.00357,TEST1,MCNP6.1.1beta
NA,5e-5,ENDFB-VII.1,PU-SOL-THERM-038-003,1.00246,TEST1,MCNP6.1.1beta
NA,5e-5,ENDFB-VII.1,PU-SOL-THERM-038-004,1.00155,TEST1,MCNP6.1.1beta
NA,5e-5,ENDFB-VII.1,PU-SOL-THERM-038-005,1.00181,TEST1,MCNP6.1.1beta
NA,1.1e-4,ENDFB-VII.1,U233-COMP-THERM-001-002,1.002,TEST1,MCNP6.1.1beta
NA,1e-4,ENDFB-VII.1,U233-COMP-THERM-001-003,1.00218,TEST1,MCNP6.1.1beta
NA,9e-5,ENDFB-VII.1,U233-COMP-THERM-001-004,1.00043,TEST1,MCNP6.1.1beta
NA,1e-4,ENDFB-VII.1,U233-COMP-THERM-001-007,1.00205,TEST1,MCNP6.1.1beta
NA,9e-5,ENDFB-VII.1,U233-COMP-THERM-001-008,0.99979,TEST1,MCNP6.1.1beta
NA,6e-5,ENDFB-VII.1,U233-MET-FAST-001-001,0.99986,TEST1,MCNP6.1.1beta
NA,6e-5,ENDFB-VII.1,U233-MET-FAST-002-001,0.99898,TEST1,MCNP6.1.1beta
NA,6e-5,ENDFB-VII.1,U233-MET-FAST-002-002,1.00031,TEST1,MCNP6.1.1beta
NA,6e-5,ENDFB-VII.1,U233-MET-FAST-003-001,0.9993,TEST1,MCNP6.1.1beta
NA,6e-5,ENDFB-VII.1,U233-MET-FAST-003-002,0.99981,TEST1,MCNP6.1.1beta
NA,6e-5,ENDFB-VII.1,U233-MET-FAST-004-001,0.99866,TEST1,MCNP6.1.1beta
NA,6e-5,ENDFB-VII.1,U233-MET-FAST-004-002,0.99559,TEST1,MCNP6.1.1beta
NA,6e-5,ENDFB-VII.1,U233-MET-FAST-005-001,0.99603,TEST1,MCNP6.1.1beta
NA,7e-5,ENDFB-VII.1,U233-MET-FAST-005-002,0.99534,TEST1,MCNP6.1.1beta
NA,7e-5,ENDFB-VII.1,U233-MET-FAST-006-001,0.99887,TEST1,MCNP6.1.1beta
NA,1.1e-4,ENDFB-VII.1,U233-SOL-INTER-001-001,0.98547,TEST1,MCNP6.1.1beta
NA,1.1e-4,ENDFB-VII.1,U233-SOL-INTER-001-002,0.981,TEST1,MCNP6.1.1beta
NA,1.1e-4,ENDFB-VII.1,U233-SOL-INTER-001-003,0.98186,TEST1,MCNP6.1.1beta
NA,1.1e-4,ENDFB-VII.1,U233-SOL-INTER-001-004,0.99348,TEST1,MCNP6.1.1beta
NA,1.1e-4,ENDFB-VII.1,U233-SOL-INTER-001-005,0.98497,TEST1,MCNP6.1.1beta
NA,1.1e-4,ENDFB-VII.1,U233-SOL-INTER-001-006,0.98643,TEST1,MCNP6.1.1beta
NA,1.1e-4,ENDFB-VII.1,U233-SOL-INTER-001-007,0.98238,TEST1,MCNP6.1.1beta
NA,1.1e-4,ENDFB-VII.1,U233-SOL-INTER-001-008,0.98203,TEST1,MCNP6.1.1beta
NA,1.1e-4,ENDFB-VII.1,U233-SOL-INTER-001-009,0.9795,TEST1,MCNP6.1.1beta
NA,1.1e-4,ENDFB-VII.1,U233-SOL-INTER-001-010,0.97902,TEST1,MCNP6.1.1beta
NA,1.1e-4,ENDFB-VII.1,U233-SOL-INTER-001-011,0.98064,TEST1,MCNP6.1.1beta
NA,1.1e-4,ENDFB-VII.1,U233-SOL-INTER-001-012,0.98171,TEST1,MCNP6.1.1beta
NA,1.1e-4,ENDFB-VII.1,U233-SOL-INTER-001-013,0.98243,TEST1,MCNP6.1.1beta
NA,1.1e-4,ENDFB-VII.1,U233-SOL-INTER-001-015,0.98047,TEST1,MCNP6.1.1beta
NA,1.1e-4,ENDFB-VII.1,U233-SOL-INTER-001-017,0.98951,TEST1,MCNP6.1.1beta
NA,1.1e-4,ENDFB-VII.1,U233-SOL-INTER-001-018,0.97889,TEST1,MCNP6.1.1beta
NA,1.1e-4,ENDFB-VII.1,U233-SOL-INTER-001-019,0.97566,TEST1,MCNP6.1.1beta
NA,1.1e-4,ENDFB-VII.1,U233-SOL-INTER-001-020,0.98082,TEST1,MCNP6.1.1beta
NA,1.1e-4,ENDFB-VII.1,U233-SOL-INTER-001-021,0.97352,TEST1,MCNP6.1.1beta
NA,1.1e-4,ENDFB-VII.1,U233-SOL-INTER-001-022,0.97873,TEST1,MCNP6.1.1beta
NA,1.1e-4,ENDFB-VII.1,U233-SOL-INTER-001-023,0.99051,TEST1,MCNP6.1.1beta
NA,1.1e-4,ENDFB-VII.1,U233-SOL-INTER-001-024,0.99289,TEST1,MCNP6.1.1beta
NA,1.1e-4,ENDFB-VII.1,U233-SOL-INTER-001-025,0.98546,TEST1,MCNP6.1.1beta
NA,1.1e-4,ENDFB-VII.1,U233-SOL-INTER-001-026,0.9895,TEST1,MCNP6.1.1beta
NA,1.1e-4,ENDFB-VII.1,U233-SOL-INTER-001-028,0.98366,TEST1,MCNP6.1.1beta
NA,1.1e-4,ENDFB-VII.1,U233-SOL-INTER-001-029,0.97794,TEST1,MCNP6.1.1beta
NA,1.1e-4,ENDFB-VII.1,U233-SOL-INTER-001-031,0.99139,TEST1,MCNP6.1.1beta
NA,1.1e-4,ENDFB-VII.1,U233-SOL-INTER-001-032,0.9763,TEST1,MCNP6.1.1beta
NA,1.1e-4,ENDFB-VII.1,U233-SOL-INTER-001-033,0.9944,TEST1,MCNP6.1.1beta
NA,5e-5,ENDFB-VII.1,U233-SOL-THERM-001-001,1.00135,TEST1,MCNP6.1.1beta
NA,6e-5,ENDFB-VII.1,U233-SOL-THERM-001-002,1.00116,TEST1,MCNP6.1.1beta
NA,6e-5,ENDFB-VII.1,U233-SOL-THERM-001-003,1.00082,TEST1,MCNP6.1.1beta
NA,6e-5,ENDFB-VII.1,U233-SOL-THERM-001-004,1.00078,TEST1,MCNP6.1.1beta
NA,6e-5,ENDFB-VII.1,U233-SOL-THERM-001-005,1.0002,TEST1,MCNP6.1.1beta
NA,9e-5,ENDFB-VII.1,U233-SOL-THERM-005-001,1.00179,TEST1,MCNP6.1.1beta
NA,9e-5,ENDFB-VII.1,U233-SOL-THERM-005-002,1.005,TEST1,MCNP6.1.1beta
NA,4e-5,ENDFB-VII.1,U233-SOL-THERM-008-001,1.00156,TEST1,MCNP6.1.1beta
NA,5e-5,ENDFB-VII.1,U233-SOL-THERM-009-001,0.99609,TEST1,MCNP6.1.1beta
NA,4e-5,ENDFB-VII.1,U233-SOL-THERM-009-002,0.99913,TEST1,MCNP6.1.1beta
NA,4e-5,ENDFB-VII.1,U233-SOL-THERM-009-003,1.00054,TEST1,MCNP6.1.1beta
NA,3e-5,ENDFB-VII.1,U233-SOL-THERM-009-004,0.99933,TEST1,MCNP6.1.1beta
Detailed Model,1e-4,ENDFB-VII.1,U233-SOL-THERM-012-001,1.00078,TEST1,MCNP6.1.1beta
Detailed Model,1e-4,ENDFB-VII.1,U233-SOL-THERM-012-002,1.00012,TEST1,MCNP6.1.1beta
Detailed Model,1.1e-4,ENDFB-VII.1,U233-SOL-THERM-012-003,1.00964,TEST1,MCNP6.1.1beta
Detailed Model,1e-4,ENDFB-VII.1,U233-SOL-THERM-012-004,1.00287,TEST1,MCNP6.1.1beta
Detailed Model,1e-4,ENDFB-VII.1,U233-SOL-THERM-012-005,1.00503,TEST1,MCNP6.1.1beta
Detailed Model,1e-4,ENDFB-VII.1,U233-SOL-THERM-012-006,1.00582,TEST1,MCNP6.1.1beta
Detailed Model,9e-5,ENDFB-VII.1,U233-SOL-THERM-012-007,1.00188,TEST1,MCNP6.1.1beta
Detailed Model,9e-5,ENDFB-VII.1,U233-SOL-THERM-012-008,0.99912,TEST1,MCNP6.1.1beta
NA,1.1e-4,ENDFB-VII.1,U233-SOL-THERM-013-001,1.00534,TEST1,MCNP6.1.1beta
NA,1.2e-4,ENDFB-VII.1,U233-SOL-THERM-013-002,1.00536,TEST1,MCNP6.1.1beta
NA,1.1e-4,ENDFB-VII.1,U233-SOL-THERM-013-003,1.00575,TEST1,MCNP6.1.1beta
NA,1.1e-4,ENDFB-VII.1,U233-SOL-THERM-013-004,1.00636,TEST1,MCNP6.1.1beta
NA,1.2e-4,ENDFB-VII.1,U233-SOL-THERM-013-005,1.00714,TEST1,MCNP6.1.1beta
NA,1.2e-4,ENDFB-VII.1,U233-SOL-THERM-013-006,1.00625,TEST1,MCNP6.1.1beta
NA,1.1e-4,ENDFB-VII.1,U233-SOL-THERM-013-007,1.00653,TEST1,MCNP6.1.1beta
NA,1.1e-4,ENDFB-VII.1,U233-SOL-THERM-013-008,1.00712,TEST1,MCNP6.1.1beta
NA,1.1e-4,ENDFB-VII.1,U233-SOL-THERM-013-009,1.00739,TEST1,MCNP6.1.1beta
NA,1.1e-4,ENDFB-VII.1,U233-SOL-THERM-013-010,1.00797,TEST1,MCNP6.1.1beta
NA,1.1e-4,ENDFB-VII.1,U233-SOL-THERM-013-011,1.00513,TEST1,MCNP6.1.1beta
NA,1.2e-4,ENDFB-VII.1,U233-SOL-THERM-013-012,1.00618,TEST1,MCNP6.1.1beta
NA,1.1e-4,ENDFB-VII.1,U233-SOL-THERM-013-013,1.00358,TEST1,MCNP6.1.1beta
NA,1.1e-4,ENDFB-VII.1,U233-SOL-THERM-013-014,1.00669,TEST1,MCNP6.1.1beta
NA,1.1e-4,ENDFB-VII.1,U233-SOL-THERM-013-015,1.02123,TEST1,MCNP6.1.1beta
NA,1.1e-4,ENDFB-VII.1,U233-SOL-THERM-013-016,0.99361,TEST1,MCNP6.1.1beta
NA,1.1e-4,ENDFB-VII.1,U233-SOL-THERM-013-017,0.99651,TEST1,MCNP6.1.1beta
NA,1.1e-4,ENDFB-VII.1,U233-SOL-THERM-013-018,1.00016,TEST1,MCNP6.1.1beta
NA,1.1e-4,ENDFB-VII.1,U233-SOL-THERM-013-019,0.99656,TEST1,MCNP6.1.1beta
NA,1e-4,ENDFB-VII.1,U233-SOL-THERM-013-020,0.99986,TEST1,MCNP6.1.1beta
NA,9e-5,ENDFB-VII.1,U233-SOL-THERM-013-021,1.00252,TEST1,MCNP6.1.1beta
NA,1.1e-4,ENDFB-VII.1,U233-SOL-THERM-015-001,0.99044,TEST1,MCNP6.1.1beta
NA,1.1e-4,ENDFB-VII.1,U233-SOL-THERM-015-002,0.98584,TEST1,MCNP6.1.1beta
NA,1.1e-4,ENDFB-VII.1,U233-SOL-THERM-015-004,0.99032,TEST1,MCNP6.1.1beta
NA,1.1e-4,ENDFB-VII.1,U233-SOL-THERM-015-007,0.98804,TEST1,MCNP6.1.1beta
NA,1.1e-4,ENDFB-VII.1,U233-SOL-THERM-015-010,0.99011,TEST1,MCNP6.1.1beta
NA,1.1e-4,ENDFB-VII.1,U233-SOL-THERM-015-011,0.99339,TEST1,MCNP6.1.1beta
NA,1.1e-4,ENDFB-VII.1,U233-SOL-THERM-015-012,0.9941,TEST1,MCNP6.1.1beta
NA,1.1e-4,ENDFB-VII.1,U233-SOL-THERM-015-013,0.99208,TEST1,MCNP6.1.1beta
NA,1.1e-4,ENDFB-VII.1,U233-SOL-THERM-015-014,0.99865,TEST1,MCNP6.1.1beta
NA,1.1e-4,ENDFB-VII.1,U233-SOL-THERM-015-015,0.99008,TEST1,MCNP6.1.1beta
NA,1.1e-4,ENDFB-VII.1,U233-SOL-THERM-015-016,0.98883,TEST1,MCNP6.1.1beta
NA,1.1e-4,ENDFB-VII.1,U233-SOL-THERM-015-017,0.99812,TEST1,MCNP6.1.1beta
NA,1.1e-4,ENDFB-VII.1,U233-SOL-THERM-015-018,0.97494,TEST1,MCNP6.1.1beta
NA,1.2e-4,ENDFB-VII.1,U233-SOL-THERM-015-019,0.97518,TEST1,MCNP6.1.1beta
NA,1.1e-4,ENDFB-VII.1,U233-SOL-THERM-015-020,0.99532,TEST1,MCNP6.1.1beta
NA,1.1e-4,ENDFB-VII.1,U233-SOL-THERM-015-021,0.99835,TEST1,MCNP6.1.1beta
NA,1.1e-4,ENDFB-VII.1,U233-SOL-THERM-015-022,0.99642,TEST1,MCNP6.1.1beta
NA,1.1e-4,ENDFB-VII.1,U233-SOL-THERM-015-023,0.99445,TEST1,MCNP6.1.1beta
NA,1.1e-4,ENDFB-VII.1,U233-SOL-THERM-015-024,0.99096,TEST1,MCNP6.1.1beta
NA,1.1e-4,ENDFB-VII.1,U233-SOL-THERM-015-025,0.99824,TEST1,MCNP6.1.1beta
NA,1.1e-4,ENDFB-VII.1,U233-SOL-THERM-015-026,0.99432,TEST1,MCNP6.1.1beta
NA,1e-4,ENDFB-VII.1,U233-SOL-THERM-015-027,0.99905,TEST1,MCNP6.1.1beta
NA,1e-4,ENDFB-VII.1,U233-SOL-THERM-015-028,0.99698,TEST1,MCNP6.1.1beta
NA,1.1e-4,ENDFB-VII.1,U233-SOL-THERM-015-029,0.99563,TEST1,MCNP6.1.1beta
NA,1.1e-4,ENDFB-VII.1,U233-SOL-THERM-015-030,0.99488,TEST1,MCNP6.1.1beta
NA,1.1e-4,ENDFB-VII.1,U233-SOL-THERM-015-031,0.99412,TEST1,MCNP6.1.1beta
NA,1.1e-4,ENDFB-VII.1,U233-SOL-THERM-016-001,1.00389,TEST1,MCNP6.1.1beta
NA,1.1e-4,ENDFB-VII.1,U233-SOL-THERM-016-002,1.00489,TEST1,MCNP6.1.1beta
NA,1.1e-4,ENDFB-VII.1,U233-SOL-THERM-016-003,1.00453,TEST1,MCNP6.1.1beta
NA,1.1e-4,ENDFB-VII.1,U233-SOL-THERM-016-006,0.99626,TEST1,MCNP6.1.1beta
NA,1.2e-4,ENDFB-VII.1,U233-SOL-THERM-016-007,0.99659,TEST1,MCNP6.1.1beta
NA,1.1e-4,ENDFB-VII.1,U233-SOL-THERM-016-008,0.99641,TEST1,MCNP6.1.1beta
NA,1.2e-4,ENDFB-VII.1,U233-SOL-THERM-016-010,1.00485,TEST1,MCNP6.1.1beta
NA,1.2e-4,ENDFB-VII.1,U233-SOL-THERM-016-011,1.00453,TEST1,MCNP6.1.1beta
NA,1.2e-4,ENDFB-VII.1,U233-SOL-THERM-016-012,1.00475,TEST1,MCNP6.1.1beta
NA,1.1e-4,ENDFB-VII.1,U233-SOL-THERM-016-013,1.00502,TEST1,MCNP6.1.1beta
NA,1.1e-4,ENDFB-VII.1,U233-SOL-THERM-016-014,1.0056,TEST1,MCNP6.1.1beta
NA,1.1e-4,ENDFB-VII.1,U233-SOL-THERM-016-015,1.00647,TEST1,MCNP6.1.1beta
NA,1.1e-4,ENDFB-VII.1,U233-SOL-THERM-016-016,1.00982,TEST1,MCNP6.1.1beta
NA,1.1e-4,ENDFB-VII.1,U233-SOL-THERM-016-017,0.99554,TEST1,MCNP6.1.1beta
NA,1.1e-4,ENDFB-VII.1,U233-SOL-THERM-016-018,0.99582,TEST1,MCNP6.1.1beta
NA,1.2e-4,ENDFB-VII.1,U233-SOL-THERM-016-021,1.00972,TEST1,MCNP6.1.1beta
NA,1.1e-4,ENDFB-VII.1,U233-SOL-THERM-016-022,1.00966,TEST1,MCNP6.1.1beta
NA,1.1e-4,ENDFB-VII.1,U233-SOL-THERM-016-023,1.01001,TEST1,MCNP6.1.1beta
NA,1.1e-4,ENDFB-VII.1,U233-SOL-THERM-016-025,1.00015,TEST1,MCNP6.1.1beta
NA,1.1e-4,ENDFB-VII.1,U233-SOL-THERM-016-026,1.00589,TEST1,MCNP6.1.1beta
NA,1.1e-4,ENDFB-VII.1,U233-SOL-THERM-016-027,1.00387,TEST1,MCNP6.1.1beta
NA,1e-4,ENDFB-VII.1,U233-SOL-THERM-016-028,0.99942,TEST1,MCNP6.1.1beta
NA,1e-4,ENDFB-VII.1,U233-SOL-THERM-016-029,0.99987,TEST1,MCNP6.1.1beta
NA,1e-4,ENDFB-VII.1,U233-SOL-THERM-016-030,0.99964,TEST1,MCNP6.1.1beta
NA,9e-5,ENDFB-VII.1,U233-SOL-THERM-016-031,1.01057,TEST1,MCNP6.1.1beta
NA,9e-5,ENDFB-VII.1,U233-SOL-THERM-016-032,1.01268,TEST1,MCNP6.1.1beta
NA,1e-4,ENDFB-VII.1,U233-SOL-THERM-016-033,1.01254,TEST1,MCNP6.1.1beta
NA,1e-4,ENDFB-VII.1,U233-SOL-THERM-017-001,1.00436,TEST1,MCNP6.1.1beta
NA,1e-4,ENDFB-VII.1,U233-SOL-THERM-017-002,1.00044,TEST1,MCNP6.1.1beta
NA,1e-4,ENDFB-VII.1,U233-SOL-THERM-017-003,1.00523,TEST1,MCNP6.1.1beta
NA,1e-4,ENDFB-VII.1,U233-SOL-THERM-017-004,1.00548,TEST1,MCNP6.1.1beta
NA,1e-4,ENDFB-VII.1,U233-SOL-THERM-017-005,1.00196,TEST1,MCNP6.1.1beta
NA,9e-5,ENDFB-VII.1,U233-SOL-THERM-017-006,1.00084,TEST1,MCNP6.1.1beta
NA,9e-5,ENDFB-VII.1,U233-SOL-THERM-017-007,1.00037,TEST1,MCNP6.1.1beta
